customer_id,customer_name,city,age,gender,signup_date,is_premium_member,city_tier
CUST00001,Rahul Gupta,Bengaluru,45,Male,2024-11-27,0,Tier 1
CUST00002,Aarav Nair,Lucknow,24,Female,2023-01-29,1,Tier 2
CUST00003,Krishna Reddy,Chennai,52,Female,2025-06-11,1,Tier 1
CUST00004,Arjun Gupta,Hyderabad,45,Male,2023-04-24,0,Tier 1
CUST00005,Amit Agarwal,Mumbai,31,Female,2024-04-06,0,Tier 1
CUST00006,Aditya Bansal,Mumbai,27,Female,2023-05-23,0,Tier 1
CUST00007,Aadhya Verma,Mumbai,33,Female,2024-01-25,0,Tier 1
CUST00008,Aarav Patel,Ahmedabad,33,Female,2024-09-23,0,Tier 2
CUST00009,Reyansh Reddy,Hyderabad,48,Female,2024-11-12,0,Tier 1
CUST00010,Anika Pillai,Chennai,42,Female,2023-06-06,1,Tier 1
CUST00011,Aarav Agarwal,Mumbai,30,Female,2023-12-01,0,Tier 1
CUST00012,Reyansh Agarwal,Lucknow,23,Male,2025-05-10,0,Tier 2
CUST00013,Aadhya Reddy,Ahmedabad,26,Male,2023-09-17,1,Tier 2
CUST00014,Kiara Bansal,Delhi,53,Male,2023-03-23,0,Tier 1
CUST00015,Ishaan Sharma,Delhi,37,Female,2025-01-23,0,Tier 1
CUST00016,Karan Singh,Delhi,35,Female,2024-03-16,0,Tier 1
CUST00017,Sneha Chatterjee,Delhi,38,Male,2023-06-21,0,Tier 1
CUST00018,Ananya Nair,Pune,21,Female,2023-08-19,0,Tier 1
CUST00019,Arjun Rao,Bengaluru,50,Male,2024-12-20,0,Tier 1
CUST00020,Karan Mehta,Delhi,44,Male,2023-03-16,0,Tier 1
CUST00021,Vihaan Patel,Hyderabad,24,Other,2023-09-27,0,Tier 1
CUST00022,Saanvi Gupta,Mumbai,23,Male,2025-06-17,0,Tier 1
CUST00023,Diya Joshi,Delhi,32,Male,2024-09-17,0,Tier 1
CUST00024,Priya Nair,Bengaluru,35,Female,2023-03-03,1,Tier 1
CUST00025,Neha Verma,Pune,49,Female,2025-05-23,1,Tier 1
CUST00026,Pooja Das,Kolkata,28,Male,2023-11-16,0,Tier 1
CUST00027,Navya Gupta,Delhi,37,Female,2023-04-12,1,Tier 1
CUST00028,Kavya Desai,Pune,41,Female,2024-03-04,0,Tier 1
CUST00029,Aditya Agarwal,Hyderabad,32,Male,2025-05-23,0,Tier 1
CUST00030,Rohan Pillai,Mumbai,24,Male,2024-12-22,0,Tier 1
CUST00031,Meera Joshi,Hyderabad,38,Female,2023-09-12,0,Tier 1
CUST00032,Riya Rao,Delhi,43,Male,2024-06-15,0,Tier 1
CUST00033,Sneha Patel,Mumbai,31,Female,2024-07-23,0,Tier 1
CUST00034,Vivaan Reddy,Lucknow,54,Female,2023-04-22,1,Tier 2
CUST00035,Karan Iyer,Lucknow,38,Other,2023-11-09,1,Tier 2
CUST00036,Aditya Reddy,Kolkata,35,Male,2024-04-05,0,Tier 1
CUST00037,Sanjay Gupta,Delhi,22,Female,2024-12-08,0,Tier 1
CUST00038,Saanvi Nair,Mumbai,20,Male,2025-06-05,1,Tier 1
CUST00039,Kiara Joshi,Chennai,40,Male,2024-04-06,0,Tier 1
CUST00040,Sai Joshi,Bengaluru,43,Male,2025-05-14,0,Tier 1
CUST00041,Diya Rao,Mumbai,54,Male,2023-04-02,0,Tier 1
CUST00042,Amit Nair,Pune,41,Female,2023-02-21,1,Tier 1
CUST00043,Sneha Patel,Mumbai,36,Male,2025-03-15,0,Tier 1
CUST00044,Priya Singh,Jaipur,42,Male,2024-06-03,1,Tier 2
CUST00045,Navya Reddy,Delhi,38,Female,2025-03-22,0,Tier 1
CUST00046,Sai Das,Chennai,29,Male,2023-04-08,0,Tier 1
CUST00047,Saanvi Nair,Bengaluru,50,Female,2023-08-24,0,Tier 1
CUST00048,Kavya Agarwal,Pune,21,Male,2024-01-09,0,Tier 1
CUST00049,Krishna Mehta,Pune,24,Female,2024-08-03,0,Tier 1
CUST00050,Vikram Verma,Delhi,39,Female,2024-07-10,0,Tier 1
CUST00051,Krishna Verma,Lucknow,50,Male,2024-10-10,0,Tier 2
CUST00052,Neha Mehta,Kolkata,34,Male,2023-08-22,0,Tier 1
CUST00053,Saanvi Nair,Jaipur,41,Male,2023-02-01,0,Tier 2
CUST00054,Aditya Rao,Jaipur,51,Female,2023-10-16,0,Tier 2
CUST00055,Kavya Bansal,Hyderabad,45,Male,2024-09-29,0,Tier 1
CUST00056,Meera Mehta,Jaipur,39,Male,2024-08-01,0,Tier 2
CUST00057,Reyansh Kapoor,Mumbai,34,Male,2024-06-25,0,Tier 1
CUST00058,Saanvi Das,Delhi,51,Male,2023-04-24,0,Tier 1
CUST00059,Arjun Nair,Mumbai,23,Male,2023-07-23,0,Tier 1
CUST00060,Arjun Reddy,Bengaluru,23,Female,2023-01-29,0,Tier 1
CUST00061,Pooja Agarwal,Bengaluru,51,Male,2024-10-04,1,Tier 1
CUST00062,Navya Nair,Delhi,18,Male,2024-04-18,1,Tier 1
CUST00063,Pooja Bansal,Ahmedabad,27,Female,2024-11-27,0,Tier 2
CUST00064,Aadhya Bansal,Bengaluru,38,Female,2023-09-10,0,Tier 1
CUST00065,Saanvi Joshi,Delhi,22,Male,2025-03-08,0,Tier 1
CUST00066,Krishna Kumar,Pune,19,Male,2024-01-21,0,Tier 1
CUST00067,Anika Kapoor,Mumbai,39,Male,2023-03-03,1,Tier 1
CUST00068,Aditya Verma,Kolkata,19,Female,2024-05-29,0,Tier 1
CUST00069,Sanjay Gupta,Mumbai,27,Male,2024-03-05,0,Tier 1
CUST00070,Arjun Singh,Lucknow,51,Female,2024-08-02,1,Tier 2
CUST00071,Neha Chatterjee,Kolkata,33,Female,2024-06-20,0,Tier 1
CUST00072,Priya Patel,Delhi,39,Female,2024-11-21,0,Tier 1
CUST00073,Saanvi Desai,Mumbai,29,Male,2023-05-21,0,Tier 1
CUST00074,Priya Das,Kolkata,41,Male,2025-01-12,0,Tier 1
CUST00075,Anika Nair,Chennai,27,Male,2023-10-27,0,Tier 1
CUST00076,Navya Sharma,Chennai,52,Male,2024-11-05,0,Tier 1
CUST00077,Amit Gupta,Kolkata,49,Female,2023-11-07,0,Tier 1
CUST00078,Amit Agarwal,Mumbai,24,Female,2024-04-15,1,Tier 1
CUST00079,Karan Nair,Bengaluru,38,Female,2024-01-28,0,Tier 1
CUST00080,Karan Mehta,Mumbai,37,Female,2024-10-03,0,Tier 1
CUST00081,Vihaan Iyer,Ahmedabad,43,Male,2024-03-20,0,Tier 2
CUST00082,Aadhya Singh,Hyderabad,21,Male,2025-01-27,0,Tier 1
CUST00083,Kiara Sharma,Bengaluru,39,Male,2025-03-19,0,Tier 1
CUST00084,Pooja Nair,Mumbai,32,Female,2023-06-21,0,Tier 1
CUST00085,Anika Singh,Bengaluru,38,Female,2024-07-29,1,Tier 1
CUST00086,Anika Gupta,Bengaluru,32,Female,2023-01-31,0,Tier 1
CUST00087,Sanjay Iyer,Chennai,39,Male,2023-02-16,0,Tier 1
CUST00088,Vikram Malhotra,Hyderabad,45,Male,2023-05-10,0,Tier 1
CUST00089,Priya Rao,Jaipur,31,Female,2023-12-18,0,Tier 2
CUST00090,Arjun Joshi,Pune,44,Male,2025-04-24,0,Tier 1
CUST00091,Karan Singh,Mumbai,45,Female,2024-09-13,1,Tier 1
CUST00092,Navya Malhotra,Chennai,43,Female,2024-08-03,0,Tier 1
CUST00093,Kavya Sharma,Kolkata,19,Female,2023-02-27,0,Tier 1
CUST00094,Priya Mehta,Hyderabad,42,Male,2023-04-16,0,Tier 1
CUST00095,Myra Sharma,Kolkata,20,Male,2025-03-22,0,Tier 1
CUST00096,Vihaan Joshi,Pune,25,Male,2023-11-26,0,Tier 1
CUST00097,Meera Iyer,Pune,50,Male,2025-02-06,0,Tier 1
CUST00098,Krishna Verma,Bengaluru,52,Male,2025-04-03,0,Tier 1
CUST00099,Krishna Bansal,Mumbai,23,Female,2024-11-13,1,Tier 1
CUST00100,Aditya Patel,Mumbai,40,Female,2024-01-18,0,Tier 1
CUST00101,Pooja Kapoor,Mumbai,42,Male,2023-06-11,1,Tier 1
CUST00102,Vikram Patel,Hyderabad,36,Male,2023-10-13,1,Tier 1
CUST00103,Karan Agarwal,Bengaluru,22,Male,2023-03-12,1,Tier 1
CUST00104,Karan Kumar,Pune,28,Male,2025-02-05,0,Tier 1
CUST00105,Arjun Kapoor,Jaipur,29,Female,2024-03-29,0,Tier 2
CUST00106,Navya Singh,Delhi,27,Male,2025-06-04,1,Tier 1
CUST00107,Ishaan Malhotra,Bengaluru,25,Male,2024-07-20,1,Tier 1
CUST00108,Sanjay Pillai,Kolkata,41,Male,2025-04-14,0,Tier 1
CUST00109,Aadhya Rao,Delhi,45,Female,2024-02-01,1,Tier 1
CUST00110,Kavya Agarwal,Mumbai,53,Female,2024-05-29,0,Tier 1
CUST00111,Karan Rao,Delhi,54,Male,2023-01-26,1,Tier 1
CUST00112,Sneha Iyer,Delhi,38,Male,2023-11-09,0,Tier 1
CUST00113,Saanvi Joshi,Jaipur,25,Female,2023-05-06,0,Tier 2
CUST00114,Kiara Malhotra,Kolkata,26,Female,2024-02-12,0,Tier 1
CUST00115,Kiara Gupta,Hyderabad,32,Male,2024-07-18,0,Tier 1
CUST00116,Krishna Reddy,Ahmedabad,35,Female,2023-07-17,0,Tier 2
CUST00117,Aditya Mehta,Kolkata,37,Female,2025-03-21,1,Tier 1
CUST00118,Aarav Bansal,Delhi,23,Female,2023-07-07,0,Tier 1
CUST00119,Navya Reddy,Jaipur,29,Female,2024-11-28,0,Tier 2
CUST00120,Riya Reddy,Pune,19,Female,2025-03-27,1,Tier 1
CUST00121,Aarav Patel,Kolkata,24,Male,2025-03-20,1,Tier 1
CUST00122,Sneha Verma,Jaipur,33,Female,2024-12-16,0,Tier 2
CUST00123,Krishna Patel,Bengaluru,20,Female,2024-04-28,1,Tier 1
CUST00124,Meera Verma,Mumbai,20,Female,2024-03-25,0,Tier 1
CUST00125,Sanjay Mehta,Delhi,44,Male,2024-06-06,0,Tier 1
CUST00126,Aditya Malhotra,Bengaluru,50,Female,2025-05-20,0,Tier 1
CUST00127,Krishna Nair,Kolkata,45,Female,2023-12-20,0,Tier 1
CUST00128,Amit Kapoor,Ahmedabad,18,Male,2024-10-19,0,Tier 2
CUST00129,Reyansh Agarwal,Mumbai,25,Female,2024-08-19,1,Tier 1
CUST00130,Arjun Bansal,Pune,54,Female,2023-04-10,0,Tier 1
CUST00131,Riya Kapoor,Bengaluru,49,Female,2024-09-07,1,Tier 1
CUST00132,Krishna Kapoor,Delhi,54,Male,2024-07-11,0,Tier 1
CUST00133,Neha Chatterjee,Mumbai,21,Male,2024-07-09,0,Tier 1
CUST00134,Reyansh Gupta,Bengaluru,47,Female,2023-10-05,1,Tier 1
CUST00135,Vihaan Chatterjee,Lucknow,23,Male,2024-11-23,0,Tier 2
CUST00136,Diya Chatterjee,Bengaluru,36,Female,2024-11-29,1,Tier 1
CUST00137,Aadhya Das,Pune,49,Male,2024-09-17,0,Tier 1
CUST00138,Sanjay Verma,Chennai,26,Male,2024-05-05,0,Tier 1
CUST00139,Amit Gupta,Bengaluru,29,Male,2023-09-12,0,Tier 1
CUST00140,Vivaan Desai,Lucknow,28,Female,2024-01-16,1,Tier 2
CUST00141,Pooja Mehta,Lucknow,33,Male,2025-06-10,0,Tier 2
CUST00142,Neha Gupta,Delhi,18,Male,2024-06-25,0,Tier 1
CUST00143,Krishna Rao,Pune,38,Male,2023-09-21,0,Tier 1
CUST00144,Reyansh Agarwal,Delhi,47,Male,2024-09-01,0,Tier 1
CUST00145,Kiara Kumar,Delhi,30,Female,2025-04-04,1,Tier 1
CUST00146,Aadhya Singh,Mumbai,51,Female,2025-05-28,0,Tier 1
CUST00147,Ishaan Das,Hyderabad,21,Male,2023-11-25,0,Tier 1
CUST00148,Krishna Patel,Pune,45,Female,2023-04-25,0,Tier 1
CUST00149,Kiara Agarwal,Mumbai,48,Male,2023-10-03,0,Tier 1
CUST00150,Vihaan Verma,Delhi,44,Female,2024-05-02,0,Tier 1
CUST00151,Rahul Agarwal,Jaipur,22,Female,2023-10-08,0,Tier 2
CUST00152,Vikram Sharma,Delhi,42,Female,2023-10-02,1,Tier 1
CUST00153,Aditya Reddy,Mumbai,20,Male,2025-02-11,0,Tier 1
CUST00154,Sai Chatterjee,Pune,50,Female,2025-04-22,0,Tier 1
CUST00155,Myra Kapoor,Lucknow,21,Male,2024-12-19,0,Tier 2
CUST00156,Reyansh Desai,Delhi,42,Other,2025-06-14,0,Tier 1
CUST00157,Meera Verma,Chennai,37,Male,2023-11-24,0,Tier 1
CUST00158,Sai Desai,Kolkata,51,Female,2023-07-30,0,Tier 1
CUST00159,Aarav Desai,Delhi,43,Female,2024-12-27,1,Tier 1
CUST00160,Ishaan Das,Chennai,22,Female,2024-07-05,0,Tier 1
CUST00161,Rohan Chatterjee,Bengaluru,52,Male,2023-01-26,0,Tier 1
CUST00162,Sneha Agarwal,Hyderabad,45,Female,2023-01-27,1,Tier 1
CUST00163,Amit Kapoor,Hyderabad,46,Male,2024-12-02,1,Tier 1
CUST00164,Arjun Rao,Pune,26,Female,2023-03-24,0,Tier 1
CUST00165,Rohan Rao,Mumbai,23,Male,2025-06-14,1,Tier 1
CUST00166,Vivaan Bansal,Ahmedabad,36,Male,2024-11-12,0,Tier 2
CUST00167,Pooja Agarwal,Bengaluru,28,Female,2024-02-17,1,Tier 1
CUST00168,Vivaan Mehta,Delhi,19,Male,2023-06-16,0,Tier 1
CUST00169,Vivaan Verma,Mumbai,26,Male,2024-11-30,0,Tier 1
CUST00170,Riya Kapoor,Hyderabad,38,Male,2023-06-18,0,Tier 1
CUST00171,Anika Malhotra,Chennai,41,Male,2025-03-11,1,Tier 1
CUST00172,Sai Verma,Mumbai,51,Female,2023-08-17,1,Tier 1
CUST00173,Anika Patel,Pune,39,Female,2024-08-31,0,Tier 1
CUST00174,Sanjay Singh,Delhi,20,Male,2024-01-02,0,Tier 1
CUST00175,Aditya Pillai,Hyderabad,29,Male,2024-06-11,0,Tier 1
CUST00176,Aditya Reddy,Delhi,45,Male,2025-03-01,1,Tier 1
CUST00177,Saanvi Gupta,Chennai,47,Male,2024-10-08,0,Tier 1
CUST00178,Meera Bansal,Bengaluru,43,Female,2024-06-21,0,Tier 1
CUST00179,Krishna Bansal,Jaipur,38,Female,2025-05-13,0,Tier 2
CUST00180,Priya Verma,Mumbai,45,Male,2024-06-07,1,Tier 1
CUST00181,Priya Patel,Bengaluru,43,Male,2023-03-13,0,Tier 1
CUST00182,Aadhya Bansal,Mumbai,50,Male,2024-10-06,0,Tier 1
CUST00183,Riya Malhotra,Jaipur,38,Female,2023-04-16,0,Tier 2
CUST00184,Ananya Nair,Ahmedabad,52,Female,2025-01-01,0,Tier 2
CUST00185,Reyansh Mehta,Delhi,51,Male,2025-06-03,1,Tier 1
CUST00186,Krishna Nair,Chennai,35,Male,2024-11-19,0,Tier 1
CUST00187,Saanvi Kumar,Kolkata,28,Female,2023-10-09,0,Tier 1
CUST00188,Amit Iyer,Hyderabad,40,Female,2023-05-13,0,Tier 1
CUST00189,Kiara Mehta,Pune,39,Male,2024-06-17,0,Tier 1
CUST00190,Kavya Patel,Delhi,34,Male,2023-09-26,1,Tier 1
CUST00191,Aarav Das,Mumbai,22,Male,2024-02-16,0,Tier 1
CUST00192,Priya Bansal,Jaipur,28,Female,2024-11-03,0,Tier 2
CUST00193,Vihaan Patel,Jaipur,47,Male,2024-09-10,0,Tier 2
CUST00194,Navya Rao,Hyderabad,32,Male,2025-03-01,0,Tier 1
CUST00195,Anika Nair,Bengaluru,44,Female,2025-05-14,1,Tier 1
CUST00196,Arjun Joshi,Bengaluru,52,Male,2025-01-16,0,Tier 1
CUST00197,Meera Patel,Chennai,50,Female,2023-01-18,0,Tier 1
CUST00198,Meera Reddy,Jaipur,37,Male,2025-01-23,0,Tier 2
CUST00199,Diya Iyer,Jaipur,33,Male,2023-04-27,0,Tier 2
CUST00200,Sai Das,Kolkata,51,Female,2025-03-08,0,Tier 1
CUST00201,Vikram Agarwal,Hyderabad,19,Male,2025-03-04,0,Tier 1
CUST00202,Sneha Iyer,Mumbai,52,Female,2023-05-24,1,Tier 1
CUST00203,Priya Malhotra,Delhi,45,Female,2024-12-17,1,Tier 1
CUST00204,Aarav Agarwal,Jaipur,23,Male,2024-07-04,0,Tier 2
CUST00205,Rohan Gupta,Hyderabad,26,Female,2024-10-27,1,Tier 1
CUST00206,Meera Kumar,Mumbai,37,Male,2024-11-18,0,Tier 1
CUST00207,Ishaan Gupta,Mumbai,18,Female,2025-01-22,0,Tier 1
CUST00208,Meera Gupta,Chennai,25,Male,2024-02-26,0,Tier 1
CUST00209,Pooja Agarwal,Mumbai,40,Female,2025-06-16,1,Tier 1
CUST00210,Arjun Nair,Delhi,20,Male,2024-01-04,0,Tier 1
CUST00211,Rohan Pillai,Pune,21,Male,2024-10-07,1,Tier 1
CUST00212,Reyansh Mehta,Chennai,42,Female,2024-07-11,0,Tier 1
CUST00213,Reyansh Nair,Chennai,32,Female,2023-02-19,0,Tier 1
CUST00214,Anika Kapoor,Delhi,38,Male,2024-11-08,0,Tier 1
CUST00215,Ishaan Verma,Chennai,52,Male,2023-04-16,0,Tier 1
CUST00216,Aditya Chatterjee,Delhi,31,Female,2023-08-04,1,Tier 1
CUST00217,Vikram Nair,Bengaluru,53,Female,2024-10-19,0,Tier 1
CUST00218,Vivaan Sharma,Kolkata,29,Male,2024-02-29,1,Tier 1
CUST00219,Ananya Kumar,Hyderabad,34,Male,2023-03-13,0,Tier 1
CUST00220,Rahul Nair,Ahmedabad,26,Male,2025-04-21,1,Tier 2
CUST00221,Sai Das,Chennai,52,Female,2025-02-23,0,Tier 1
CUST00222,Navya Chatterjee,Hyderabad,30,Male,2025-01-28,0,Tier 1
CUST00223,Navya Sharma,Mumbai,32,Male,2024-03-21,0,Tier 1
CUST00224,Vihaan Patel,Bengaluru,35,Female,2023-07-05,0,Tier 1
CUST00225,Meera Kumar,Delhi,50,Male,2023-03-11,0,Tier 1
CUST00226,Navya Verma,Delhi,23,Male,2023-05-30,1,Tier 1
CUST00227,Vikram Joshi,Lucknow,44,Male,2023-09-03,0,Tier 2
CUST00228,Riya Agarwal,Bengaluru,40,Male,2025-02-12,1,Tier 1
CUST00229,Arjun Chatterjee,Jaipur,44,Male,2024-06-21,0,Tier 2
CUST00230,Arjun Verma,Hyderabad,51,Male,2024-10-13,0,Tier 1
CUST00231,Rohan Joshi,Kolkata,31,Male,2023-04-09,0,Tier 1
CUST00232,Meera Verma,Pune,53,Female,2023-10-05,0,Tier 1
CUST00233,Meera Joshi,Hyderabad,25,Female,2024-07-16,0,Tier 1
CUST00234,Reyansh Reddy,Pune,52,Female,2024-10-24,0,Tier 1
CUST00235,Amit Gupta,Delhi,36,Male,2024-03-30,1,Tier 1
CUST00236,Diya Agarwal,Chennai,47,Male,2023-04-14,0,Tier 1
CUST00237,Meera Chatterjee,Delhi,31,Male,2024-08-23,0,Tier 1
CUST00238,Priya Kumar,Mumbai,37,Male,2024-10-14,0,Tier 1
CUST00239,Kavya Reddy,Hyderabad,42,Male,2024-12-25,0,Tier 1
CUST00240,Sanjay Singh,Delhi,41,Female,2023-08-21,1,Tier 1
CUST00241,Neha Singh,Lucknow,31,Male,2024-01-29,0,Tier 2
CUST00242,Meera Chatterjee,Lucknow,43,Male,2024-05-15,0,Tier 2
CUST00243,Aarav Singh,Jaipur,40,Male,2024-11-25,1,Tier 2
CUST00244,Pooja Mehta,Bengaluru,39,Female,2023-09-08,0,Tier 1
CUST00245,Neha Chatterjee,Mumbai,36,Male,2024-06-04,0,Tier 1
CUST00246,Neha Reddy,Jaipur,20,Female,2023-03-20,0,Tier 2
CUST00247,Ishaan Singh,Bengaluru,36,Male,2023-02-21,0,Tier 1
CUST00248,Neha Gupta,Lucknow,26,Female,2025-06-16,0,Tier 2
CUST00249,Saanvi Verma,Lucknow,45,Female,2025-02-19,0,Tier 2
CUST00250,Sanjay Kapoor,Ahmedabad,37,Male,2023-08-14,0,Tier 2
CUST00251,Krishna Rao,Delhi,24,Male,2023-02-20,0,Tier 1
CUST00252,Vikram Das,Bengaluru,31,Male,2023-07-05,1,Tier 1
CUST00253,Diya Iyer,Ahmedabad,26,Male,2023-02-03,0,Tier 2
CUST00254,Vikram Reddy,Bengaluru,36,Female,2025-03-13,0,Tier 1
CUST00255,Krishna Sharma,Delhi,31,Female,2025-01-11,0,Tier 1
CUST00256,Amit Rao,Hyderabad,53,Female,2023-05-11,0,Tier 1
CUST00257,Saanvi Mehta,Jaipur,34,Female,2024-09-23,0,Tier 2
CUST00258,Ishaan Patel,Chennai,47,Male,2024-03-18,1,Tier 1
CUST00259,Karan Nair,Hyderabad,26,Male,2025-04-17,0,Tier 1
CUST00260,Diya Malhotra,Mumbai,50,Female,2025-01-28,1,Tier 1
CUST00261,Saanvi Agarwal,Hyderabad,42,Male,2024-03-07,0,Tier 1
CUST00262,Ananya Sharma,Lucknow,31,Female,2024-12-04,0,Tier 2
CUST00263,Vihaan Nair,Mumbai,28,Male,2024-05-11,0,Tier 1
CUST00264,Sai Bansal,Pune,52,Male,2024-02-07,0,Tier 1
CUST00265,Ishaan Verma,Ahmedabad,31,Other,2023-11-19,0,Tier 2
CUST00266,Vihaan Pillai,Kolkata,47,Male,2023-07-29,1,Tier 1
CUST00267,Aadhya Joshi,Chennai,21,Other,2024-09-06,0,Tier 1
CUST00268,Pooja Mehta,Chennai,21,Female,2023-11-25,0,Tier 1
CUST00269,Aadhya Pillai,Bengaluru,45,Female,2024-01-07,0,Tier 1
CUST00270,Anika Gupta,Delhi,25,Female,2024-04-04,0,Tier 1
CUST00271,Saanvi Bansal,Kolkata,19,Female,2023-05-13,0,Tier 1
CUST00272,Reyansh Nair,Kolkata,39,Female,2025-04-14,0,Tier 1
CUST00273,Vivaan Chatterjee,Ahmedabad,33,Male,2024-10-12,1,Tier 2
CUST00274,Aarav Malhotra,Jaipur,46,Male,2023-05-01,0,Tier 2
CUST00275,Kavya Agarwal,Pune,47,Female,2024-08-28,0,Tier 1
CUST00276,Amit Rao,Pune,29,Male,2024-03-27,0,Tier 1
CUST00277,Diya Chatterjee,Kolkata,52,Male,2023-05-09,0,Tier 1
CUST00278,Aditya Mehta,Hyderabad,28,Male,2023-04-01,1,Tier 1
CUST00279,Priya Mehta,Chennai,38,Female,2024-08-26,1,Tier 1
CUST00280,Amit Gupta,Kolkata,38,Female,2024-07-28,1,Tier 1
CUST00281,Pooja Iyer,Jaipur,22,Male,2023-01-29,0,Tier 2
CUST00282,Anika Iyer,Bengaluru,37,Female,2024-12-22,1,Tier 1
CUST00283,Amit Chatterjee,Bengaluru,54,Female,2024-06-07,0,Tier 1
CUST00284,Ananya Desai,Mumbai,20,Female,2023-11-29,0,Tier 1
CUST00285,Sneha Iyer,Hyderabad,50,Female,2023-10-24,0,Tier 1
CUST00286,Navya Kumar,Mumbai,26,Female,2023-05-10,0,Tier 1
CUST00287,Reyansh Chatterjee,Pune,26,Male,2023-10-20,1,Tier 1
CUST00288,Amit Desai,Pune,21,Female,2023-06-22,1,Tier 1
CUST00289,Amit Singh,Delhi,52,Male,2024-12-20,0,Tier 1
CUST00290,Priya Bansal,Hyderabad,34,Female,2023-01-24,1,Tier 1
CUST00291,Rohan Desai,Mumbai,51,Other,2023-04-09,0,Tier 1
CUST00292,Navya Sharma,Mumbai,41,Male,2024-02-10,0,Tier 1
CUST00293,Rohan Iyer,Ahmedabad,49,Male,2023-12-22,0,Tier 2
CUST00294,Reyansh Chatterjee,Bengaluru,18,Female,2023-05-19,1,Tier 1
CUST00295,Neha Bansal,Mumbai,25,Male,2024-05-17,0,Tier 1
CUST00296,Priya Mehta,Pune,40,Female,2025-04-05,0,Tier 1
CUST00297,Kiara Das,Kolkata,29,Male,2023-06-23,0,Tier 1
CUST00298,Kiara Rao,Delhi,29,Male,2023-01-29,0,Tier 1
CUST00299,Anika Kapoor,Hyderabad,32,Female,2024-05-10,0,Tier 1
CUST00300,Neha Singh,Mumbai,36,Female,2024-10-16,0,Tier 1
CUST00301,Amit Patel,Mumbai,43,Female,2025-04-07,0,Tier 1
CUST00302,Rohan Malhotra,Pune,46,Male,2023-12-17,0,Tier 1
CUST00303,Amit Pillai,Pune,39,Female,2024-07-07,0,Tier 1
CUST00304,Ananya Patel,Hyderabad,38,Female,2023-10-26,1,Tier 1
CUST00305,Vikram Reddy,Chennai,37,Female,2024-12-20,0,Tier 1
CUST00306,Amit Iyer,Lucknow,46,Female,2025-04-21,0,Tier 2
CUST00307,Krishna Rao,Pune,21,Female,2023-07-11,1,Tier 1
CUST00308,Arjun Sharma,Bengaluru,24,Male,2024-11-02,1,Tier 1
CUST00309,Vivaan Reddy,Kolkata,45,Male,2023-03-05,1,Tier 1
CUST00310,Myra Pillai,Delhi,45,Female,2025-01-24,1,Tier 1
CUST00311,Sanjay Patel,Bengaluru,21,Male,2025-02-08,0,Tier 1
CUST00312,Kiara Chatterjee,Mumbai,39,Female,2024-10-25,0,Tier 1
CUST00313,Meera Bansal,Mumbai,29,Male,2023-08-03,0,Tier 1
CUST00314,Reyansh Desai,Lucknow,20,Female,2025-04-13,0,Tier 2
CUST00315,Myra Desai,Ahmedabad,39,Female,2023-06-15,0,Tier 2
CUST00316,Krishna Kumar,Chennai,19,Male,2024-06-26,1,Tier 1
CUST00317,Rahul Sharma,Bengaluru,41,Male,2025-06-01,0,Tier 1
CUST00318,Meera Gupta,Delhi,51,Male,2023-08-20,0,Tier 1
CUST00319,Karan Chatterjee,Mumbai,44,Female,2025-03-04,0,Tier 1
CUST00320,Krishna Singh,Delhi,18,Female,2024-06-24,0,Tier 1
CUST00321,Neha Malhotra,Pune,25,Male,2023-07-14,0,Tier 1
CUST00322,Kiara Verma,Chennai,40,Female,2024-05-20,1,Tier 1
CUST00323,Navya Reddy,Chennai,23,Male,2023-11-30,0,Tier 1
CUST00324,Kavya Gupta,Delhi,39,Male,2025-02-06,0,Tier 1
CUST00325,Kiara Kumar,Lucknow,42,Female,2025-03-03,0,Tier 2
CUST00326,Neha Das,Chennai,35,Male,2023-10-31,0,Tier 1
CUST00327,Amit Malhotra,Hyderabad,34,Male,2025-04-12,1,Tier 1
CUST00328,Navya Pillai,Hyderabad,29,Male,2024-03-12,0,Tier 1
CUST00329,Ananya Das,Bengaluru,23,Male,2023-11-19,1,Tier 1
CUST00330,Priya Malhotra,Delhi,43,Male,2024-05-16,0,Tier 1
CUST00331,Aadhya Agarwal,Bengaluru,44,Male,2025-05-07,0,Tier 1
CUST00332,Kiara Singh,Kolkata,25,Female,2024-01-28,0,Tier 1
CUST00333,Pooja Kapoor,Mumbai,36,Male,2025-03-16,1,Tier 1
CUST00334,Kiara Nair,Mumbai,18,Female,2024-08-21,0,Tier 1
CUST00335,Karan Reddy,Mumbai,46,Male,2023-05-29,0,Tier 1
CUST00336,Vikram Nair,Mumbai,52,Male,2025-01-30,0,Tier 1
CUST00337,Karan Malhotra,Ahmedabad,31,Female,2025-04-12,1,Tier 2
CUST00338,Myra Reddy,Chennai,52,Female,2024-02-09,0,Tier 1
CUST00339,Ishaan Das,Pune,37,Male,2023-10-10,0,Tier 1
CUST00340,Aditya Iyer,Mumbai,30,Female,2023-12-28,1,Tier 1
CUST00341,Krishna Nair,Pune,25,Female,2024-01-14,0,Tier 1
CUST00342,Ananya Mehta,Pune,37,Female,2023-07-17,0,Tier 1
CUST00343,Meera Agarwal,Delhi,50,Male,2024-07-09,0,Tier 1
CUST00344,Aditya Kumar,Bengaluru,43,Male,2023-12-22,0,Tier 1
CUST00345,Arjun Reddy,Bengaluru,38,Male,2024-06-23,0,Tier 1
CUST00346,Saanvi Kumar,Hyderabad,26,Female,2024-03-04,0,Tier 1
CUST00347,Sneha Rao,Hyderabad,41,Male,2023-01-17,1,Tier 1
CUST00348,Aditya Chatterjee,Mumbai,54,Female,2024-09-30,0,Tier 1
CUST00349,Aadhya Mehta,Bengaluru,34,Male,2024-01-14,0,Tier 1
CUST00350,Navya Das,Hyderabad,41,Male,2024-11-10,0,Tier 1
CUST00351,Aadhya Verma,Pune,38,Female,2024-05-20,0,Tier 1
CUST00352,Reyansh Chatterjee,Ahmedabad,30,Male,2025-01-25,0,Tier 2
CUST00353,Saanvi Bansal,Chennai,28,Male,2025-06-17,0,Tier 1
CUST00354,Sneha Sharma,Delhi,36,Female,2023-03-17,0,Tier 1
CUST00355,Sanjay Bansal,Mumbai,28,Female,2023-08-19,0,Tier 1
CUST00356,Saanvi Kapoor,Hyderabad,30,Female,2024-12-16,0,Tier 1
CUST00357,Aarav Joshi,Mumbai,18,Female,2023-09-05,1,Tier 1
CUST00358,Rohan Desai,Hyderabad,36,Female,2023-10-29,1,Tier 1
CUST00359,Sanjay Chatterjee,Lucknow,29,Female,2024-12-26,0,Tier 2
CUST00360,Navya Agarwal,Hyderabad,25,Male,2023-08-03,0,Tier 1
CUST00361,Neha Pillai,Bengaluru,25,Male,2023-06-07,0,Tier 1
CUST00362,Meera Reddy,Hyderabad,29,Male,2023-03-10,1,Tier 1
CUST00363,Myra Reddy,Pune,50,Male,2024-01-28,1,Tier 1
CUST00364,Ishaan Chatterjee,Pune,43,Female,2023-03-26,1,Tier 1
CUST00365,Myra Sharma,Lucknow,45,Female,2023-09-24,1,Tier 2
CUST00366,Saanvi Mehta,Bengaluru,22,Female,2023-03-10,1,Tier 1
CUST00367,Amit Desai,Lucknow,25,Male,2024-09-02,0,Tier 2
CUST00368,Pooja Singh,Jaipur,42,Female,2023-12-13,0,Tier 2
CUST00369,Vikram Das,Delhi,44,Male,2024-12-28,0,Tier 1
CUST00370,Kavya Kumar,Mumbai,40,Female,2024-11-03,0,Tier 1
CUST00371,Priya Agarwal,Mumbai,47,Female,2024-02-27,0,Tier 1
CUST00372,Aarav Desai,Mumbai,40,Male,2024-08-28,1,Tier 1
CUST00373,Riya Bansal,Mumbai,37,Male,2023-06-23,1,Tier 1
CUST00374,Amit Sharma,Chennai,35,Male,2024-11-07,0,Tier 1
CUST00375,Aditya Chatterjee,Mumbai,35,Female,2023-04-25,0,Tier 1
CUST00376,Arjun Das,Bengaluru,19,Female,2023-08-08,0,Tier 1
CUST00377,Sai Verma,Ahmedabad,21,Female,2023-01-31,0,Tier 2
CUST00378,Ishaan Desai,Mumbai,47,Male,2024-06-06,0,Tier 1
CUST00379,Ananya Rao,Kolkata,50,Male,2023-12-09,0,Tier 1
CUST00380,Kiara Mehta,Delhi,53,Female,2024-01-12,0,Tier 1
CUST00381,Ananya Desai,Mumbai,35,Female,2023-05-10,0,Tier 1
CUST00382,Ishaan Chatterjee,Chennai,54,Male,2024-09-08,0,Tier 1
CUST00383,Ishaan Patel,Hyderabad,36,Male,2024-06-22,0,Tier 1
CUST00384,Myra Sharma,Ahmedabad,45,Female,2025-01-08,1,Tier 2
CUST00385,Pooja Agarwal,Chennai,37,Male,2023-01-02,0,Tier 1
CUST00386,Vivaan Joshi,Kolkata,50,Male,2025-05-20,0,Tier 1
CUST00387,Krishna Patel,Delhi,29,Male,2023-04-11,0,Tier 1
CUST00388,Karan Verma,Delhi,32,Female,2024-06-16,0,Tier 1
CUST00389,Karan Sharma,Kolkata,19,Female,2023-02-27,0,Tier 1
CUST00390,Krishna Rao,Kolkata,46,Female,2024-01-24,0,Tier 1
CUST00391,Vikram Sharma,Lucknow,27,Female,2024-11-22,0,Tier 2
CUST00392,Priya Kumar,Bengaluru,19,Male,2023-12-07,0,Tier 1
CUST00393,Krishna Kumar,Bengaluru,28,Male,2025-05-10,0,Tier 1
CUST00394,Myra Gupta,Kolkata,30,Female,2023-01-20,0,Tier 1
CUST00395,Riya Rao,Bengaluru,27,Male,2023-09-12,0,Tier 1
CUST00396,Kiara Nair,Jaipur,31,Female,2023-11-13,1,Tier 2
CUST00397,Karan Joshi,Ahmedabad,35,Male,2023-02-07,1,Tier 2
CUST00398,Sai Pillai,Bengaluru,26,Male,2024-10-21,0,Tier 1
CUST00399,Priya Gupta,Kolkata,45,Male,2024-06-20,0,Tier 1
CUST00400,Karan Singh,Kolkata,20,Male,2024-01-21,0,Tier 1
CUST00401,Rohan Gupta,Mumbai,37,Male,2024-09-24,1,Tier 1
CUST00402,Riya Sharma,Jaipur,23,Male,2023-01-26,0,Tier 2
CUST00403,Kavya Iyer,Pune,44,Other,2024-03-29,0,Tier 1
CUST00404,Riya Desai,Ahmedabad,19,Male,2024-11-11,1,Tier 2
CUST00405,Saanvi Rao,Bengaluru,46,Female,2023-11-19,1,Tier 1
CUST00406,Aditya Bansal,Jaipur,20,Female,2025-01-06,0,Tier 2
CUST00407,Sneha Reddy,Bengaluru,33,Other,2024-05-27,0,Tier 1
CUST00408,Vihaan Iyer,Mumbai,47,Female,2025-03-29,0,Tier 1
CUST00409,Sanjay Pillai,Jaipur,19,Female,2025-02-11,1,Tier 2
CUST00410,Neha Gupta,Mumbai,34,Male,2023-01-13,0,Tier 1
CUST00411,Neha Bansal,Bengaluru,29,Male,2024-07-13,0,Tier 1
CUST00412,Neha Verma,Lucknow,52,Male,2025-04-04,1,Tier 2
CUST00413,Diya Agarwal,Lucknow,18,Female,2024-01-06,0,Tier 2
CUST00414,Aadhya Joshi,Hyderabad,32,Female,2023-10-18,0,Tier 1
CUST00415,Aditya Malhotra,Hyderabad,43,Male,2023-11-28,1,Tier 1
CUST00416,Rahul Mehta,Bengaluru,54,Male,2024-08-28,0,Tier 1
CUST00417,Aarav Chatterjee,Delhi,38,Female,2023-09-18,0,Tier 1
CUST00418,Vikram Kapoor,Bengaluru,48,Male,2025-02-28,0,Tier 1
CUST00419,Vihaan Chatterjee,Chennai,42,Female,2025-05-20,1,Tier 1
CUST00420,Diya Das,Kolkata,40,Female,2023-07-24,1,Tier 1
CUST00421,Sneha Kumar,Kolkata,41,Female,2024-11-27,0,Tier 1
CUST00422,Aadhya Singh,Kolkata,45,Female,2024-11-17,0,Tier 1
CUST00423,Pooja Malhotra,Mumbai,38,Female,2024-01-22,1,Tier 1
CUST00424,Rahul Nair,Pune,35,Male,2025-06-10,1,Tier 1
CUST00425,Priya Agarwal,Mumbai,53,Female,2025-03-31,1,Tier 1
CUST00426,Karan Kapoor,Pune,52,Female,2024-04-12,0,Tier 1
CUST00427,Kiara Chatterjee,Bengaluru,26,Male,2024-02-19,0,Tier 1
CUST00428,Vikram Bansal,Jaipur,47,Male,2023-03-10,0,Tier 2
CUST00429,Ishaan Mehta,Bengaluru,51,Male,2024-04-16,1,Tier 1
CUST00430,Sanjay Reddy,Mumbai,49,Male,2023-04-14,0,Tier 1
CUST00431,Vikram Patel,Mumbai,20,Female,2025-01-27,1,Tier 1
CUST00432,Ishaan Das,Kolkata,20,Female,2023-06-10,0,Tier 1
CUST00433,Krishna Das,Hyderabad,45,Male,2023-07-19,0,Tier 1
CUST00434,Riya Pillai,Mumbai,32,Male,2023-08-04,0,Tier 1
CUST00435,Amit Desai,Mumbai,40,Female,2023-07-31,0,Tier 1
CUST00436,Ananya Sharma,Chennai,28,Male,2024-05-22,1,Tier 1
CUST00437,Myra Mehta,Mumbai,49,Male,2023-01-16,1,Tier 1
CUST00438,Sai Kapoor,Ahmedabad,53,Female,2024-05-12,0,Tier 2
CUST00439,Reyansh Joshi,Chennai,50,Female,2025-06-02,0,Tier 1
CUST00440,Neha Nair,Mumbai,41,Male,2023-11-28,0,Tier 1
CUST00441,Ananya Nair,Mumbai,51,Male,2024-12-17,0,Tier 1
CUST00442,Meera Pillai,Lucknow,45,Male,2025-05-26,0,Tier 2
CUST00443,Sneha Nair,Bengaluru,54,Female,2024-07-04,1,Tier 1
CUST00444,Navya Sharma,Bengaluru,24,Female,2024-08-23,1,Tier 1
CUST00445,Anika Rao,Kolkata,21,Male,2023-09-13,0,Tier 1
CUST00446,Aditya Reddy,Lucknow,54,Female,2025-02-04,1,Tier 2
CUST00447,Pooja Chatterjee,Lucknow,18,Female,2024-12-28,0,Tier 2
CUST00448,Myra Agarwal,Kolkata,18,Male,2025-05-29,1,Tier 1
CUST00449,Karan Reddy,Bengaluru,37,Male,2025-03-25,0,Tier 1
CUST00450,Sneha Kapoor,Mumbai,36,Female,2023-06-21,0,Tier 1
CUST00451,Rahul Kapoor,Kolkata,46,Male,2024-10-10,1,Tier 1
CUST00452,Kiara Sharma,Hyderabad,27,Male,2024-05-12,1,Tier 1
CUST00453,Aditya Iyer,Bengaluru,35,Female,2024-04-15,0,Tier 1
CUST00454,Krishna Desai,Jaipur,45,Female,2024-01-19,0,Tier 2
CUST00455,Sneha Reddy,Mumbai,52,Female,2024-11-20,1,Tier 1
CUST00456,Rohan Bansal,Pune,48,Female,2024-08-11,0,Tier 1
CUST00457,Diya Kapoor,Mumbai,44,Female,2024-11-30,1,Tier 1
CUST00458,Navya Malhotra,Pune,28,Male,2024-05-21,0,Tier 1
CUST00459,Diya Chatterjee,Mumbai,22,Female,2024-06-10,0,Tier 1
CUST00460,Pooja Agarwal,Mumbai,25,Male,2025-03-14,1,Tier 1
CUST00461,Ananya Joshi,Mumbai,51,Male,2025-04-10,0,Tier 1
CUST00462,Sneha Das,Hyderabad,29,Female,2023-11-21,0,Tier 1
CUST00463,Ishaan Iyer,Kolkata,18,Female,2023-08-02,0,Tier 1
CUST00464,Ishaan Reddy,Hyderabad,48,Male,2023-07-27,0,Tier 1
CUST00465,Vihaan Rao,Lucknow,21,Female,2023-06-18,0,Tier 2
CUST00466,Ananya Gupta,Bengaluru,22,Male,2023-11-26,1,Tier 1
CUST00467,Pooja Agarwal,Delhi,47,Male,2023-10-07,1,Tier 1
CUST00468,Karan Singh,Ahmedabad,41,Male,2023-11-01,0,Tier 2
CUST00469,Reyansh Rao,Delhi,20,Female,2023-05-26,1,Tier 1
CUST00470,Pooja Kapoor,Lucknow,28,Female,2025-02-13,0,Tier 2
CUST00471,Ishaan Bansal,Mumbai,21,Male,2024-05-30,0,Tier 1
CUST00472,Karan Malhotra,Lucknow,43,Female,2023-03-31,0,Tier 2
CUST00473,Priya Iyer,Mumbai,44,Male,2024-03-28,0,Tier 1
CUST00474,Vihaan Rao,Jaipur,44,Female,2023-03-01,0,Tier 2
CUST00475,Rohan Reddy,Pune,23,Male,2023-11-07,0,Tier 1
CUST00476,Diya Singh,Lucknow,32,Male,2024-06-11,0,Tier 2
CUST00477,Rohan Sharma,Mumbai,47,Female,2023-08-15,0,Tier 1
CUST00478,Sneha Agarwal,Hyderabad,54,Male,2024-04-18,0,Tier 1
CUST00479,Arjun Nair,Lucknow,54,Male,2024-06-24,1,Tier 2
CUST00480,Vivaan Verma,Pune,54,Female,2024-10-24,0,Tier 1
CUST00481,Navya Iyer,Hyderabad,52,Female,2025-01-26,0,Tier 1
CUST00482,Sneha Kumar,Chennai,40,Male,2025-02-20,1,Tier 1
CUST00483,Rahul Kapoor,Pune,23,Male,2023-03-20,1,Tier 1
CUST00484,Vihaan Sharma,Hyderabad,21,Male,2024-03-08,0,Tier 1
CUST00485,Riya Iyer,Hyderabad,35,Male,2025-03-11,0,Tier 1
CUST00486,Myra Kapoor,Jaipur,26,Male,2023-06-02,0,Tier 2
CUST00487,Kiara Mehta,Mumbai,46,Female,2025-02-27,0,Tier 1
CUST00488,Sai Verma,Delhi,30,Other,2024-02-05,1,Tier 1
CUST00489,Ishaan Kapoor,Lucknow,34,Male,2023-10-06,1,Tier 2
CUST00490,Vihaan Patel,Jaipur,49,Male,2023-02-26,0,Tier 2
CUST00491,Saanvi Kapoor,Pune,39,Male,2023-07-05,0,Tier 1
CUST00492,Aditya Bansal,Hyderabad,21,Male,2024-02-02,0,Tier 1
CUST00493,Rahul Verma,Delhi,22,Female,2024-08-27,1,Tier 1
CUST00494,Arjun Kumar,Delhi,54,Male,2025-02-26,0,Tier 1
CUST00495,Neha Bansal,Pune,30,Male,2023-06-07,0,Tier 1
CUST00496,Rohan Patel,Bengaluru,51,Female,2025-02-25,0,Tier 1
CUST00497,Krishna Gupta,Hyderabad,39,Male,2024-11-23,0,Tier 1
CUST00498,Navya Chatterjee,Mumbai,40,Female,2023-12-25,0,Tier 1
CUST00499,Priya Pillai,Lucknow,20,Male,2024-03-15,0,Tier 2
CUST00500,Neha Pillai,Lucknow,51,Female,2024-08-11,1,Tier 2
CUST00501,Krishna Malhotra,Chennai,49,Female,2024-04-10,1,Tier 1
CUST00502,Saanvi Das,Pune,38,Female,2024-10-24,0,Tier 1
CUST00503,Kavya Das,Delhi,38,Female,2024-03-21,0,Tier 1
CUST00504,Rohan Bansal,Kolkata,28,Male,2025-01-19,0,Tier 1
CUST00505,Aadhya Iyer,Chennai,21,Male,2025-03-11,0,Tier 1
CUST00506,Riya Pillai,Delhi,18,Female,2025-01-12,0,Tier 1
CUST00507,Vivaan Pillai,Jaipur,45,Female,2024-05-02,0,Tier 2
CUST00508,Pooja Gupta,Ahmedabad,41,Male,2024-06-13,0,Tier 2
CUST00509,Karan Rao,Lucknow,52,Male,2023-03-14,1,Tier 2
CUST00510,Rahul Rao,Chennai,30,Male,2024-12-01,1,Tier 1
CUST00511,Ishaan Patel,Hyderabad,51,Male,2023-01-17,0,Tier 1
CUST00512,Sai Reddy,Bengaluru,28,Male,2024-06-14,0,Tier 1
CUST00513,Sai Agarwal,Jaipur,53,Female,2024-12-31,1,Tier 2
CUST00514,Aditya Singh,Ahmedabad,34,Male,2023-11-22,0,Tier 2
CUST00515,Aarav Chatterjee,Mumbai,52,Male,2024-09-23,1,Tier 1
CUST00516,Kiara Pillai,Mumbai,35,Female,2024-09-04,0,Tier 1
CUST00517,Myra Iyer,Bengaluru,39,Female,2024-06-29,0,Tier 1
CUST00518,Vivaan Reddy,Kolkata,41,Female,2024-08-18,0,Tier 1
CUST00519,Rohan Iyer,Lucknow,36,Female,2024-12-08,1,Tier 2
CUST00520,Sneha Das,Mumbai,54,Male,2025-04-21,0,Tier 1
CUST00521,Aditya Reddy,Hyderabad,38,Female,2023-07-21,0,Tier 1
CUST00522,Kavya Nair,Bengaluru,25,Female,2023-12-10,1,Tier 1
CUST00523,Neha Bansal,Lucknow,45,Male,2025-05-02,1,Tier 2
CUST00524,Amit Rao,Ahmedabad,22,Female,2024-06-06,0,Tier 2
CUST00525,Aadhya Gupta,Ahmedabad,34,Female,2025-05-08,0,Tier 2
CUST00526,Navya Reddy,Pune,54,Male,2024-02-04,0,Tier 1
CUST00527,Rahul Kumar,Bengaluru,53,Male,2023-08-06,0,Tier 1
CUST00528,Kavya Nair,Delhi,36,Male,2024-03-20,0,Tier 1
CUST00529,Vikram Kumar,Mumbai,44,Male,2025-02-03,1,Tier 1
CUST00530,Aditya Verma,Ahmedabad,51,Male,2023-08-10,1,Tier 2
CUST00531,Sai Iyer,Kolkata,28,Female,2024-01-18,0,Tier 1
CUST00532,Priya Bansal,Lucknow,29,Male,2025-05-30,0,Tier 2
CUST00533,Kavya Iyer,Lucknow,38,Female,2024-08-14,0,Tier 2
CUST00534,Kiara Gupta,Hyderabad,28,Female,2023-01-07,0,Tier 1
CUST00535,Kiara Iyer,Kolkata,45,Female,2023-09-29,0,Tier 1
CUST00536,Sneha Desai,Lucknow,22,Female,2025-01-08,0,Tier 2
CUST00537,Ishaan Malhotra,Ahmedabad,34,Male,2023-01-16,0,Tier 2
CUST00538,Navya Kapoor,Delhi,37,Male,2024-02-28,0,Tier 1
CUST00539,Kiara Patel,Pune,29,Female,2024-06-07,1,Tier 1
CUST00540,Priya Verma,Mumbai,23,Female,2025-03-13,0,Tier 1
CUST00541,Meera Chatterjee,Lucknow,34,Female,2025-01-22,1,Tier 2
CUST00542,Pooja Mehta,Hyderabad,36,Male,2023-01-21,0,Tier 1
CUST00543,Priya Nair,Delhi,43,Female,2024-11-20,0,Tier 1
CUST00544,Aarav Patel,Chennai,49,Male,2023-08-16,0,Tier 1
CUST00545,Krishna Bansal,Hyderabad,23,Female,2025-02-23,0,Tier 1
CUST00546,Riya Sharma,Bengaluru,53,Female,2023-10-15,1,Tier 1
CUST00547,Karan Nair,Mumbai,28,Male,2025-03-19,0,Tier 1
CUST00548,Riya Verma,Chennai,50,Female,2023-05-14,0,Tier 1
CUST00549,Karan Singh,Pune,41,Male,2023-10-10,0,Tier 1
CUST00550,Myra Malhotra,Kolkata,40,Male,2024-02-08,0,Tier 1
CUST00551,Rahul Das,Pune,32,Male,2024-10-26,0,Tier 1
CUST00552,Kavya Nair,Ahmedabad,44,Female,2023-03-07,0,Tier 2
CUST00553,Sai Bansal,Hyderabad,28,Female,2024-10-10,0,Tier 1
CUST00554,Aadhya Kapoor,Hyderabad,34,Female,2024-08-26,1,Tier 1
CUST00555,Aditya Kapoor,Ahmedabad,31,Male,2024-03-12,0,Tier 2
CUST00556,Diya Chatterjee,Bengaluru,44,Female,2025-04-08,0,Tier 1
CUST00557,Ananya Mehta,Mumbai,35,Female,2023-09-16,0,Tier 1
CUST00558,Amit Gupta,Mumbai,45,Male,2023-04-13,0,Tier 1
CUST00559,Sanjay Singh,Kolkata,21,Other,2024-07-20,0,Tier 1
CUST00560,Ananya Chatterjee,Hyderabad,24,Male,2025-02-07,0,Tier 1
CUST00561,Sneha Kapoor,Chennai,52,Female,2023-04-11,0,Tier 1
CUST00562,Rohan Desai,Delhi,26,Male,2023-07-17,0,Tier 1
CUST00563,Vikram Agarwal,Mumbai,25,Male,2025-03-23,0,Tier 1
CUST00564,Vivaan Das,Mumbai,34,Male,2023-08-14,1,Tier 1
CUST00565,Aditya Mehta,Bengaluru,34,Female,2024-04-07,0,Tier 1
CUST00566,Ishaan Mehta,Hyderabad,50,Male,2023-08-25,0,Tier 1
CUST00567,Vihaan Desai,Bengaluru,49,Male,2023-01-26,0,Tier 1
CUST00568,Sanjay Malhotra,Bengaluru,25,Female,2023-05-01,1,Tier 1
CUST00569,Vikram Sharma,Jaipur,36,Female,2024-05-20,0,Tier 2
CUST00570,Amit Agarwal,Bengaluru,20,Male,2023-07-01,1,Tier 1
CUST00571,Kiara Chatterjee,Pune,22,Male,2024-12-11,1,Tier 1
CUST00572,Vivaan Rao,Kolkata,30,Male,2025-03-24,1,Tier 1
CUST00573,Anika Joshi,Bengaluru,48,Male,2025-02-05,0,Tier 1
CUST00574,Priya Kapoor,Hyderabad,33,Female,2024-09-25,1,Tier 1
CUST00575,Rahul Das,Ahmedabad,49,Female,2024-06-26,0,Tier 2
CUST00576,Karan Verma,Lucknow,39,Female,2023-11-11,1,Tier 2
CUST00577,Reyansh Nair,Mumbai,46,Male,2025-03-07,0,Tier 1
CUST00578,Navya Kumar,Jaipur,39,Female,2024-09-09,0,Tier 2
CUST00579,Kavya Iyer,Pune,20,Female,2025-01-05,0,Tier 1
CUST00580,Kiara Kapoor,Delhi,27,Female,2023-09-30,0,Tier 1
CUST00581,Vihaan Sharma,Pune,38,Female,2023-08-20,0,Tier 1
CUST00582,Rahul Pillai,Lucknow,33,Female,2024-02-24,0,Tier 2
CUST00583,Neha Reddy,Pune,29,Female,2025-02-06,0,Tier 1
CUST00584,Sneha Singh,Bengaluru,19,Male,2024-03-17,1,Tier 1
CUST00585,Rohan Agarwal,Hyderabad,41,Female,2024-05-10,1,Tier 1
CUST00586,Aarav Agarwal,Delhi,52,Female,2023-01-24,1,Tier 1
CUST00587,Aadhya Patel,Mumbai,47,Female,2023-04-19,0,Tier 1
CUST00588,Krishna Gupta,Mumbai,47,Male,2024-12-03,0,Tier 1
CUST00589,Kiara Gupta,Mumbai,52,Female,2024-05-16,0,Tier 1
CUST00590,Rahul Kumar,Mumbai,36,Female,2025-05-08,0,Tier 1
CUST00591,Myra Iyer,Mumbai,25,Male,2023-01-25,0,Tier 1
CUST00592,Anika Nair,Hyderabad,43,Male,2023-07-06,0,Tier 1
CUST00593,Aadhya Kapoor,Delhi,24,Female,2023-10-15,0,Tier 1
CUST00594,Myra Reddy,Bengaluru,47,Female,2024-09-19,1,Tier 1
CUST00595,Kiara Agarwal,Jaipur,24,Male,2023-12-04,0,Tier 2
CUST00596,Arjun Desai,Pune,20,Male,2025-05-27,1,Tier 1
CUST00597,Reyansh Pillai,Chennai,18,Female,2023-02-06,0,Tier 1
CUST00598,Anika Kumar,Delhi,53,Male,2025-03-04,1,Tier 1
CUST00599,Sanjay Patel,Delhi,42,Male,2023-05-17,0,Tier 1
CUST00600,Ishaan Chatterjee,Mumbai,54,Male,2024-05-22,0,Tier 1
CUST00601,Ananya Malhotra,Delhi,18,Male,2023-08-15,1,Tier 1
CUST00602,Ishaan Sharma,Delhi,32,Male,2023-11-16,1,Tier 1
CUST00603,Rohan Iyer,Delhi,54,Male,2025-04-19,0,Tier 1
CUST00604,Vikram Bansal,Mumbai,30,Male,2023-07-01,0,Tier 1
CUST00605,Riya Kapoor,Mumbai,25,Male,2025-05-23,0,Tier 1
CUST00606,Sanjay Kumar,Pune,22,Male,2023-03-27,0,Tier 1
CUST00607,Kiara Agarwal,Delhi,26,Male,2024-04-11,0,Tier 1
CUST00608,Myra Joshi,Bengaluru,18,Male,2023-02-22,0,Tier 1
CUST00609,Ananya Agarwal,Pune,53,Female,2025-05-09,0,Tier 1
CUST00610,Karan Agarwal,Chennai,52,Male,2025-05-16,0,Tier 1
CUST00611,Saanvi Das,Mumbai,19,Male,2023-08-23,0,Tier 1
CUST00612,Kavya Mehta,Kolkata,40,Male,2025-02-17,0,Tier 1
CUST00613,Sanjay Rao,Hyderabad,26,Male,2025-03-09,0,Tier 1
CUST00614,Sneha Reddy,Mumbai,51,Female,2024-03-08,0,Tier 1
CUST00615,Riya Desai,Ahmedabad,31,Female,2024-05-10,0,Tier 2
CUST00616,Krishna Chatterjee,Jaipur,21,Female,2023-04-10,0,Tier 2
CUST00617,Vivaan Mehta,Mumbai,47,Female,2024-08-21,0,Tier 1
CUST00618,Pooja Kapoor,Delhi,48,Female,2024-02-07,1,Tier 1
CUST00619,Sneha Desai,Kolkata,28,Male,2024-01-31,0,Tier 1
CUST00620,Saanvi Kumar,Kolkata,52,Male,2024-06-10,0,Tier 1
CUST00621,Myra Verma,Delhi,25,Male,2024-02-19,1,Tier 1
CUST00622,Arjun Malhotra,Delhi,20,Male,2024-09-04,0,Tier 1
CUST00623,Riya Mehta,Bengaluru,31,Female,2024-11-07,0,Tier 1
CUST00624,Sanjay Gupta,Pune,30,Female,2024-04-07,1,Tier 1
CUST00625,Sanjay Das,Hyderabad,49,Male,2024-06-24,0,Tier 1
CUST00626,Vihaan Malhotra,Bengaluru,51,Female,2024-09-17,0,Tier 1
CUST00627,Kavya Das,Pune,36,Female,2024-09-10,1,Tier 1
CUST00628,Aarav Kumar,Kolkata,33,Male,2023-12-30,1,Tier 1
CUST00629,Aadhya Kumar,Mumbai,19,Male,2023-05-10,0,Tier 1
CUST00630,Aditya Kapoor,Delhi,34,Male,2023-03-25,0,Tier 1
CUST00631,Neha Nair,Chennai,51,Male,2023-09-28,0,Tier 1
CUST00632,Ananya Pillai,Jaipur,33,Male,2023-09-01,0,Tier 2
CUST00633,Sneha Desai,Pune,19,Male,2024-01-23,0,Tier 1
CUST00634,Rahul Patel,Pune,19,Male,2023-08-02,0,Tier 1
CUST00635,Sanjay Mehta,Mumbai,43,Male,2025-03-28,0,Tier 1
CUST00636,Sanjay Agarwal,Bengaluru,30,Other,2023-06-15,0,Tier 1
CUST00637,Saanvi Mehta,Pune,48,Female,2025-03-01,0,Tier 1
CUST00638,Rahul Kapoor,Delhi,51,Female,2023-02-28,1,Tier 1
CUST00639,Sanjay Agarwal,Delhi,20,Male,2024-08-24,0,Tier 1
CUST00640,Vivaan Pillai,Bengaluru,25,Male,2025-06-01,0,Tier 1
CUST00641,Aditya Reddy,Mumbai,40,Female,2025-04-22,1,Tier 1
CUST00642,Rahul Iyer,Bengaluru,31,Male,2024-05-18,0,Tier 1
CUST00643,Krishna Patel,Delhi,44,Male,2024-12-06,0,Tier 1
CUST00644,Aadhya Gupta,Bengaluru,46,Female,2023-05-03,0,Tier 1
CUST00645,Karan Gupta,Mumbai,18,Female,2024-10-09,0,Tier 1
CUST00646,Kiara Singh,Jaipur,34,Male,2024-02-17,1,Tier 2
CUST00647,Sneha Iyer,Hyderabad,47,Male,2023-05-19,0,Tier 1
CUST00648,Meera Sharma,Chennai,30,Male,2023-08-17,0,Tier 1
CUST00649,Vivaan Mehta,Kolkata,38,Male,2023-10-01,1,Tier 1
CUST00650,Neha Verma,Pune,36,Male,2024-03-14,0,Tier 1
CUST00651,Rohan Joshi,Mumbai,36,Male,2024-07-15,0,Tier 1
CUST00652,Diya Chatterjee,Pune,42,Male,2023-04-28,1,Tier 1
CUST00653,Arjun Reddy,Hyderabad,39,Female,2024-12-14,0,Tier 1
CUST00654,Anika Chatterjee,Kolkata,48,Female,2024-04-27,0,Tier 1
CUST00655,Riya Singh,Bengaluru,34,Female,2024-01-30,0,Tier 1
CUST00656,Sai Singh,Mumbai,40,Male,2024-12-03,0,Tier 1
CUST00657,Aditya Pillai,Delhi,49,Male,2025-05-25,0,Tier 1
CUST00658,Sanjay Desai,Bengaluru,27,Male,2024-04-04,0,Tier 1
CUST00659,Priya Reddy,Hyderabad,27,Male,2025-04-14,1,Tier 1
CUST00660,Myra Bansal,Hyderabad,53,Male,2024-11-23,0,Tier 1
CUST00661,Arjun Reddy,Bengaluru,25,Female,2023-03-19,1,Tier 1
CUST00662,Kiara Nair,Lucknow,37,Female,2024-02-16,0,Tier 2
CUST00663,Kiara Nair,Hyderabad,49,Female,2023-03-16,0,Tier 1
CUST00664,Amit Sharma,Delhi,31,Male,2023-10-22,0,Tier 1
CUST00665,Meera Das,Mumbai,45,Female,2025-03-03,0,Tier 1
CUST00666,Meera Iyer,Mumbai,41,Male,2023-01-21,0,Tier 1
CUST00667,Amit Agarwal,Delhi,32,Male,2023-06-20,1,Tier 1
CUST00668,Sai Patel,Delhi,39,Male,2023-01-15,0,Tier 1
CUST00669,Kiara Joshi,Delhi,47,Female,2023-07-30,0,Tier 1
CUST00670,Riya Iyer,Delhi,21,Other,2024-07-13,0,Tier 1
CUST00671,Rahul Chatterjee,Delhi,30,Male,2023-03-27,0,Tier 1
CUST00672,Sneha Nair,Jaipur,40,Female,2023-05-29,0,Tier 2
CUST00673,Kiara Iyer,Mumbai,25,Female,2024-11-30,0,Tier 1
CUST00674,Reyansh Desai,Pune,35,Male,2024-01-07,0,Tier 1
CUST00675,Sanjay Kapoor,Bengaluru,29,Male,2024-04-24,0,Tier 1
CUST00676,Vihaan Reddy,Lucknow,48,Male,2025-03-28,0,Tier 2
CUST00677,Saanvi Bansal,Mumbai,31,Female,2023-05-31,0,Tier 1
CUST00678,Diya Bansal,Bengaluru,51,Male,2023-05-21,1,Tier 1
CUST00679,Rohan Iyer,Lucknow,35,Female,2023-03-10,0,Tier 2
CUST00680,Aarav Desai,Ahmedabad,51,Male,2023-09-17,0,Tier 2
CUST00681,Ishaan Sharma,Kolkata,28,Female,2025-04-25,0,Tier 1
CUST00682,Riya Verma,Delhi,29,Male,2024-06-04,0,Tier 1
CUST00683,Kavya Pillai,Delhi,32,Female,2024-09-24,1,Tier 1
CUST00684,Pooja Kapoor,Chennai,48,Female,2024-01-06,0,Tier 1
CUST00685,Vikram Iyer,Jaipur,46,Female,2024-02-23,0,Tier 2
CUST00686,Karan Reddy,Hyderabad,43,Female,2023-04-11,0,Tier 1
CUST00687,Priya Joshi,Hyderabad,35,Male,2024-10-22,0,Tier 1
CUST00688,Krishna Rao,Delhi,49,Female,2024-10-19,0,Tier 1
CUST00689,Priya Nair,Kolkata,39,Male,2025-05-14,1,Tier 1
CUST00690,Amit Kumar,Delhi,34,Male,2023-08-31,0,Tier 1
CUST00691,Rahul Gupta,Bengaluru,40,Female,2025-01-22,0,Tier 1
CUST00692,Meera Verma,Bengaluru,41,Male,2024-05-26,1,Tier 1
CUST00693,Rohan Das,Pune,25,Male,2025-04-28,0,Tier 1
CUST00694,Vivaan Bansal,Delhi,23,Other,2024-07-08,0,Tier 1
CUST00695,Diya Kumar,Mumbai,22,Male,2023-04-05,0,Tier 1
CUST00696,Aditya Iyer,Hyderabad,46,Female,2023-08-14,0,Tier 1
CUST00697,Ananya Chatterjee,Delhi,45,Male,2024-06-01,0,Tier 1
CUST00698,Sai Rao,Hyderabad,28,Male,2023-08-02,0,Tier 1
CUST00699,Arjun Agarwal,Mumbai,18,Male,2024-12-18,0,Tier 1
CUST00700,Meera Joshi,Pune,36,Female,2023-03-08,0,Tier 1
CUST00701,Anika Malhotra,Pune,26,Female,2024-01-31,0,Tier 1
CUST00702,Kavya Nair,Mumbai,44,Female,2024-09-03,0,Tier 1
CUST00703,Vikram Singh,Bengaluru,51,Other,2023-01-12,0,Tier 1
CUST00704,Ishaan Kapoor,Mumbai,21,Male,2023-08-25,0,Tier 1
CUST00705,Neha Iyer,Mumbai,53,Male,2025-04-13,0,Tier 1
CUST00706,Pooja Mehta,Lucknow,35,Female,2025-02-08,1,Tier 2
CUST00707,Neha Gupta,Bengaluru,32,Male,2024-02-03,0,Tier 1
CUST00708,Kiara Patel,Kolkata,30,Male,2024-02-11,1,Tier 1
CUST00709,Arjun Reddy,Delhi,36,Male,2025-04-28,0,Tier 1
CUST00710,Sanjay Desai,Chennai,23,Female,2024-04-24,0,Tier 1
CUST00711,Sanjay Agarwal,Kolkata,29,Female,2024-10-08,1,Tier 1
CUST00712,Diya Patel,Hyderabad,54,Male,2023-08-10,0,Tier 1
CUST00713,Neha Desai,Pune,34,Male,2023-06-05,1,Tier 1
CUST00714,Aarav Nair,Bengaluru,40,Female,2024-10-15,0,Tier 1
CUST00715,Navya Gupta,Bengaluru,43,Female,2024-03-03,0,Tier 1
CUST00716,Kiara Joshi,Jaipur,46,Male,2023-06-07,0,Tier 2
CUST00717,Amit Nair,Ahmedabad,50,Female,2024-02-20,0,Tier 2
CUST00718,Riya Desai,Lucknow,44,Male,2023-11-22,1,Tier 2
CUST00719,Vikram Joshi,Mumbai,42,Male,2024-01-06,0,Tier 1
CUST00720,Vihaan Reddy,Chennai,27,Female,2023-12-10,1,Tier 1
CUST00721,Myra Sharma,Jaipur,40,Female,2023-09-19,0,Tier 2
CUST00722,Priya Agarwal,Delhi,38,Male,2023-10-10,1,Tier 1
CUST00723,Ananya Pillai,Mumbai,38,Female,2025-04-29,0,Tier 1
CUST00724,Krishna Patel,Kolkata,30,Female,2025-05-05,0,Tier 1
CUST00725,Rahul Das,Hyderabad,54,Female,2023-08-17,0,Tier 1
CUST00726,Kavya Iyer,Ahmedabad,50,Female,2025-06-06,0,Tier 2
CUST00727,Rahul Chatterjee,Mumbai,41,Female,2023-10-07,0,Tier 1
CUST00728,Vihaan Kumar,Kolkata,28,Male,2025-05-19,1,Tier 1
CUST00729,Vivaan Verma,Delhi,34,Male,2023-10-17,1,Tier 1
CUST00730,Rohan Kapoor,Delhi,21,Male,2024-11-10,0,Tier 1
CUST00731,Vihaan Gupta,Delhi,42,Male,2023-02-16,0,Tier 1
CUST00732,Krishna Agarwal,Kolkata,47,Female,2024-12-15,0,Tier 1
CUST00733,Arjun Desai,Chennai,26,Male,2023-08-02,1,Tier 1
CUST00734,Kiara Joshi,Pune,38,Male,2025-01-27,0,Tier 1
CUST00735,Amit Agarwal,Bengaluru,37,Male,2023-01-24,1,Tier 1
CUST00736,Aadhya Bansal,Ahmedabad,36,Male,2023-11-17,0,Tier 2
CUST00737,Pooja Kumar,Bengaluru,36,Male,2023-10-01,0,Tier 1
CUST00738,Meera Chatterjee,Kolkata,29,Female,2024-07-09,1,Tier 1
CUST00739,Rahul Gupta,Bengaluru,54,Male,2025-04-23,0,Tier 1
CUST00740,Vikram Kapoor,Bengaluru,34,Female,2023-11-09,0,Tier 1
CUST00741,Priya Chatterjee,Pune,54,Female,2023-12-29,0,Tier 1
CUST00742,Ishaan Verma,Delhi,45,Male,2024-10-29,1,Tier 1
CUST00743,Sneha Joshi,Kolkata,52,Male,2024-01-15,0,Tier 1
CUST00744,Reyansh Das,Pune,35,Male,2024-12-11,0,Tier 1
CUST00745,Kiara Reddy,Delhi,31,Female,2024-11-04,0,Tier 1
CUST00746,Sanjay Joshi,Jaipur,52,Female,2024-04-14,0,Tier 2
CUST00747,Vihaan Joshi,Bengaluru,24,Male,2025-01-15,1,Tier 1
CUST00748,Navya Joshi,Pune,30,Male,2024-11-05,1,Tier 1
CUST00749,Vivaan Desai,Jaipur,35,Female,2023-04-26,0,Tier 2
CUST00750,Ishaan Rao,Hyderabad,54,Male,2024-08-27,1,Tier 1
CUST00751,Vihaan Das,Mumbai,30,Male,2023-02-11,0,Tier 1
CUST00752,Aditya Rao,Jaipur,53,Female,2025-03-06,0,Tier 2
CUST00753,Rahul Pillai,Hyderabad,48,Female,2024-01-14,0,Tier 1
CUST00754,Aarav Verma,Bengaluru,19,Female,2024-12-22,0,Tier 1
CUST00755,Neha Mehta,Mumbai,33,Female,2023-07-25,0,Tier 1
CUST00756,Krishna Kumar,Kolkata,26,Female,2024-04-10,0,Tier 1
CUST00757,Neha Bansal,Hyderabad,26,Male,2025-01-01,1,Tier 1
CUST00758,Reyansh Patel,Pune,28,Female,2023-10-07,0,Tier 1
CUST00759,Vikram Agarwal,Jaipur,39,Female,2024-10-09,0,Tier 2
CUST00760,Reyansh Bansal,Kolkata,50,Female,2024-09-09,0,Tier 1
CUST00761,Reyansh Reddy,Mumbai,53,Male,2023-04-28,0,Tier 1
CUST00762,Ananya Kumar,Bengaluru,40,Male,2023-08-25,1,Tier 1
CUST00763,Neha Pillai,Delhi,51,Male,2023-11-05,0,Tier 1
CUST00764,Aarav Nair,Kolkata,26,Male,2024-03-31,0,Tier 1
CUST00765,Sanjay Kumar,Mumbai,41,Male,2025-06-18,0,Tier 1
CUST00766,Arjun Agarwal,Hyderabad,25,Female,2024-04-19,0,Tier 1
CUST00767,Ishaan Singh,Kolkata,24,Female,2023-04-10,0,Tier 1
CUST00768,Vihaan Sharma,Ahmedabad,53,Male,2023-09-18,0,Tier 2
CUST00769,Arjun Sharma,Bengaluru,35,Female,2023-11-01,0,Tier 1
CUST00770,Diya Reddy,Ahmedabad,20,Male,2023-12-20,1,Tier 2
CUST00771,Riya Mehta,Mumbai,45,Male,2023-10-13,0,Tier 1
CUST00772,Aarav Singh,Ahmedabad,23,Male,2023-11-24,1,Tier 2
CUST00773,Ishaan Verma,Mumbai,38,Male,2023-04-13,0,Tier 1
CUST00774,Arjun Chatterjee,Bengaluru,45,Male,2023-03-04,0,Tier 1
CUST00775,Anika Gupta,Kolkata,18,Male,2024-11-17,0,Tier 1
CUST00776,Pooja Patel,Mumbai,53,Male,2023-10-09,0,Tier 1
CUST00777,Myra Das,Delhi,38,Female,2024-03-16,1,Tier 1
CUST00778,Karan Joshi,Chennai,52,Male,2023-10-20,1,Tier 1
CUST00779,Anika Bansal,Chennai,30,Female,2025-01-07,0,Tier 1
CUST00780,Vihaan Das,Hyderabad,27,Female,2023-01-07,0,Tier 1
CUST00781,Anika Reddy,Chennai,27,Female,2024-09-30,0,Tier 1
CUST00782,Priya Verma,Pune,30,Female,2023-04-02,0,Tier 1
CUST00783,Pooja Malhotra,Delhi,54,Male,2023-07-09,1,Tier 1
CUST00784,Rohan Das,Bengaluru,41,Male,2025-05-20,0,Tier 1
CUST00785,Rahul Sharma,Delhi,19,Female,2024-04-20,0,Tier 1
CUST00786,Vivaan Kapoor,Jaipur,39,Male,2024-05-25,1,Tier 2
CUST00787,Sanjay Desai,Hyderabad,34,Female,2024-04-06,0,Tier 1
CUST00788,Aadhya Gupta,Bengaluru,53,Female,2023-02-22,0,Tier 1
CUST00789,Myra Das,Pune,31,Female,2025-01-23,0,Tier 1
CUST00790,Aditya Patel,Lucknow,27,Female,2024-04-30,1,Tier 2
CUST00791,Ananya Pillai,Mumbai,52,Other,2024-10-05,0,Tier 1
CUST00792,Arjun Patel,Hyderabad,42,Female,2024-05-04,1,Tier 1
CUST00793,Arjun Nair,Pune,20,Male,2023-12-30,1,Tier 1
CUST00794,Priya Bansal,Hyderabad,34,Female,2023-04-22,0,Tier 1
CUST00795,Navya Mehta,Mumbai,29,Male,2024-02-13,0,Tier 1
CUST00796,Saanvi Pillai,Ahmedabad,41,Male,2023-01-07,0,Tier 2
CUST00797,Anika Iyer,Jaipur,46,Female,2025-01-11,0,Tier 2
CUST00798,Kiara Malhotra,Hyderabad,42,Male,2024-10-29,1,Tier 1
CUST00799,Priya Chatterjee,Chennai,53,Male,2023-07-16,0,Tier 1
CUST00800,Vihaan Gupta,Jaipur,43,Male,2025-04-14,1,Tier 2
CUST00801,Sanjay Agarwal,Chennai,18,Female,2025-05-25,1,Tier 1
CUST00802,Pooja Rao,Mumbai,37,Male,2025-01-04,0,Tier 1
CUST00803,Aadhya Das,Hyderabad,45,Female,2024-01-02,0,Tier 1
CUST00804,Meera Reddy,Hyderabad,33,Male,2023-09-07,1,Tier 1
CUST00805,Aadhya Mehta,Bengaluru,34,Female,2024-08-17,0,Tier 1
CUST00806,Vikram Das,Chennai,45,Female,2023-08-28,1,Tier 1
CUST00807,Saanvi Chatterjee,Jaipur,29,Male,2024-01-15,1,Tier 2
CUST00808,Pooja Gupta,Jaipur,44,Male,2025-05-21,0,Tier 2
CUST00809,Ananya Chatterjee,Pune,47,Male,2025-04-14,1,Tier 1
CUST00810,Ananya Nair,Mumbai,51,Female,2024-04-15,0,Tier 1
CUST00811,Diya Kumar,Lucknow,54,Female,2025-02-13,1,Tier 2
CUST00812,Amit Kapoor,Ahmedabad,23,Female,2024-12-01,0,Tier 2
CUST00813,Aditya Patel,Mumbai,24,Male,2024-03-30,1,Tier 1
CUST00814,Vikram Patel,Jaipur,49,Female,2024-01-01,1,Tier 2
CUST00815,Aditya Chatterjee,Ahmedabad,49,Female,2023-10-17,0,Tier 2
CUST00816,Vihaan Joshi,Pune,42,Female,2025-05-23,0,Tier 1
CUST00817,Neha Kumar,Hyderabad,50,Female,2024-02-07,1,Tier 1
CUST00818,Navya Verma,Bengaluru,24,Male,2023-02-27,0,Tier 1
CUST00819,Riya Agarwal,Mumbai,29,Male,2024-06-04,0,Tier 1
CUST00820,Navya Mehta,Bengaluru,33,Female,2023-10-31,0,Tier 1
CUST00821,Amit Gupta,Kolkata,33,Female,2023-04-25,0,Tier 1
CUST00822,Aadhya Joshi,Mumbai,53,Female,2023-07-29,1,Tier 1
CUST00823,Sanjay Chatterjee,Bengaluru,30,Male,2023-02-10,0,Tier 1
CUST00824,Sanjay Verma,Bengaluru,24,Male,2025-03-26,0,Tier 1
CUST00825,Rohan Pillai,Pune,53,Male,2023-06-22,0,Tier 1
CUST00826,Rohan Joshi,Jaipur,26,Male,2023-08-22,0,Tier 2
CUST00827,Vihaan Bansal,Bengaluru,49,Female,2025-03-03,0,Tier 1
CUST00828,Anika Rao,Bengaluru,28,Female,2025-06-02,0,Tier 1
CUST00829,Arjun Kapoor,Chennai,25,Male,2024-08-12,0,Tier 1
CUST00830,Krishna Gupta,Pune,50,Male,2024-09-11,0,Tier 1
CUST00831,Diya Agarwal,Delhi,40,Male,2025-03-03,1,Tier 1
CUST00832,Diya Gupta,Pune,42,Male,2024-02-07,0,Tier 1
CUST00833,Karan Nair,Mumbai,25,Female,2023-02-08,1,Tier 1
CUST00834,Riya Reddy,Delhi,39,Female,2023-04-29,0,Tier 1
CUST00835,Neha Chatterjee,Pune,21,Male,2023-12-01,0,Tier 1
CUST00836,Sanjay Agarwal,Bengaluru,20,Female,2023-12-02,0,Tier 1
CUST00837,Karan Pillai,Jaipur,46,Female,2024-06-22,0,Tier 2
CUST00838,Priya Agarwal,Bengaluru,46,Female,2024-09-07,1,Tier 1
CUST00839,Aarav Pillai,Hyderabad,51,Male,2023-03-15,1,Tier 1
CUST00840,Kavya Nair,Hyderabad,51,Female,2023-07-10,0,Tier 1
CUST00841,Aarav Singh,Mumbai,45,Male,2023-11-20,1,Tier 1
CUST00842,Ishaan Iyer,Chennai,30,Male,2023-05-27,0,Tier 1
CUST00843,Kavya Mehta,Delhi,32,Male,2025-02-05,0,Tier 1
CUST00844,Diya Sharma,Lucknow,40,Male,2023-10-11,0,Tier 2
CUST00845,Sai Kumar,Mumbai,43,Male,2023-08-01,0,Tier 1
CUST00846,Riya Desai,Bengaluru,21,Male,2024-09-26,0,Tier 1
CUST00847,Aditya Kumar,Mumbai,43,Male,2024-12-18,0,Tier 1
CUST00848,Pooja Sharma,Lucknow,26,Female,2025-01-21,0,Tier 2
CUST00849,Aditya Malhotra,Pune,22,Female,2024-01-29,0,Tier 1
CUST00850,Reyansh Desai,Hyderabad,49,Male,2023-12-05,0,Tier 1
CUST00851,Aadhya Das,Mumbai,37,Female,2025-03-08,1,Tier 1
CUST00852,Ananya Singh,Kolkata,28,Female,2023-01-22,1,Tier 1
CUST00853,Diya Iyer,Delhi,32,Female,2025-02-09,0,Tier 1
CUST00854,Pooja Mehta,Jaipur,49,Male,2025-05-18,0,Tier 2
CUST00855,Karan Bansal,Delhi,45,Female,2023-04-15,0,Tier 1
CUST00856,Priya Patel,Delhi,39,Female,2024-04-10,0,Tier 1
CUST00857,Meera Verma,Mumbai,34,Female,2024-04-03,0,Tier 1
CUST00858,Arjun Singh,Pune,43,Male,2024-03-07,0,Tier 1
CUST00859,Karan Pillai,Hyderabad,24,Male,2025-02-08,0,Tier 1
CUST00860,Vivaan Patel,Mumbai,43,Female,2024-12-16,0,Tier 1
CUST00861,Ishaan Das,Kolkata,42,Male,2025-04-01,0,Tier 1
CUST00862,Amit Chatterjee,Pune,27,Male,2025-02-12,0,Tier 1
CUST00863,Myra Pillai,Pune,36,Male,2024-09-10,0,Tier 1
CUST00864,Kiara Chatterjee,Bengaluru,28,Female,2025-02-01,0,Tier 1
CUST00865,Ishaan Rao,Bengaluru,30,Female,2023-08-09,0,Tier 1
CUST00866,Karan Malhotra,Hyderabad,25,Male,2024-01-14,1,Tier 1
CUST00867,Vihaan Joshi,Mumbai,21,Female,2023-08-10,0,Tier 1
CUST00868,Aadhya Gupta,Delhi,48,Male,2023-09-15,0,Tier 1
CUST00869,Rohan Bansal,Ahmedabad,45,Female,2024-12-13,0,Tier 2
CUST00870,Myra Malhotra,Lucknow,28,Female,2024-01-02,0,Tier 2
CUST00871,Amit Iyer,Bengaluru,18,Female,2025-02-08,0,Tier 1
CUST00872,Vivaan Reddy,Delhi,41,Female,2023-12-15,0,Tier 1
CUST00873,Saanvi Pillai,Hyderabad,48,Male,2023-08-13,0,Tier 1
CUST00874,Vivaan Sharma,Bengaluru,43,Female,2024-12-14,0,Tier 1
CUST00875,Reyansh Iyer,Mumbai,22,Male,2025-01-07,0,Tier 1
CUST00876,Reyansh Kumar,Mumbai,37,Female,2023-08-24,0,Tier 1
CUST00877,Karan Nair,Chennai,28,Female,2023-07-02,0,Tier 1
CUST00878,Rohan Mehta,Chennai,50,Female,2024-12-12,0,Tier 1
CUST00879,Vihaan Sharma,Mumbai,44,Male,2025-05-18,0,Tier 1
CUST00880,Myra Chatterjee,Delhi,51,Female,2025-01-27,0,Tier 1
CUST00881,Sai Kumar,Delhi,32,Male,2024-03-19,0,Tier 1
CUST00882,Saanvi Agarwal,Chennai,49,Male,2025-05-14,1,Tier 1
CUST00883,Sneha Reddy,Mumbai,38,Female,2024-09-14,0,Tier 1
CUST00884,Anika Agarwal,Mumbai,22,Male,2023-01-06,0,Tier 1
CUST00885,Vikram Joshi,Kolkata,23,Female,2023-08-24,0,Tier 1
CUST00886,Aditya Desai,Delhi,39,Male,2023-05-07,1,Tier 1
CUST00887,Sanjay Verma,Chennai,35,Male,2023-04-14,1,Tier 1
CUST00888,Aadhya Sharma,Delhi,31,Female,2025-01-18,0,Tier 1
CUST00889,Kiara Patel,Mumbai,27,Female,2024-04-24,0,Tier 1
CUST00890,Sanjay Mehta,Delhi,30,Male,2023-06-04,1,Tier 1
CUST00891,Riya Chatterjee,Chennai,48,Female,2023-09-14,1,Tier 1
CUST00892,Riya Desai,Ahmedabad,47,Male,2023-08-23,0,Tier 2
CUST00893,Sneha Chatterjee,Ahmedabad,20,Female,2024-05-14,0,Tier 2
CUST00894,Rohan Gupta,Bengaluru,47,Male,2023-10-16,0,Tier 1
CUST00895,Saanvi Sharma,Chennai,23,Female,2024-05-24,0,Tier 1
CUST00896,Ananya Singh,Delhi,46,Female,2024-07-05,0,Tier 1
CUST00897,Neha Pillai,Delhi,25,Female,2025-03-10,0,Tier 1
CUST00898,Kiara Joshi,Jaipur,50,Male,2024-12-09,1,Tier 2
CUST00899,Aditya Chatterjee,Mumbai,34,Female,2025-02-23,0,Tier 1
CUST00900,Sanjay Gupta,Mumbai,28,Female,2025-06-12,0,Tier 1
CUST00901,Krishna Chatterjee,Delhi,30,Female,2025-02-14,1,Tier 1
CUST00902,Riya Desai,Mumbai,28,Male,2024-07-22,0,Tier 1
CUST00903,Anika Patel,Delhi,48,Female,2023-10-25,0,Tier 1
CUST00904,Saanvi Iyer,Hyderabad,45,Female,2024-09-01,0,Tier 1
CUST00905,Pooja Mehta,Bengaluru,23,Male,2023-05-17,0,Tier 1
CUST00906,Krishna Mehta,Jaipur,33,Male,2024-01-11,0,Tier 2
CUST00907,Karan Singh,Kolkata,21,Female,2023-03-28,0,Tier 1
CUST00908,Aditya Malhotra,Bengaluru,52,Male,2024-02-23,0,Tier 1
CUST00909,Rahul Gupta,Delhi,43,Female,2025-01-23,0,Tier 1
CUST00910,Anika Malhotra,Bengaluru,29,Female,2023-07-18,1,Tier 1
CUST00911,Reyansh Joshi,Hyderabad,28,Female,2024-04-07,0,Tier 1
CUST00912,Diya Kumar,Delhi,54,Male,2024-03-12,0,Tier 1
CUST00913,Krishna Gupta,Hyderabad,42,Male,2023-11-06,0,Tier 1
CUST00914,Arjun Nair,Bengaluru,35,Female,2024-08-18,0,Tier 1
CUST00915,Reyansh Singh,Hyderabad,36,Male,2025-01-23,0,Tier 1
CUST00916,Priya Kumar,Bengaluru,40,Female,2023-10-08,0,Tier 1
CUST00917,Karan Patel,Delhi,35,Male,2023-11-19,0,Tier 1
CUST00918,Sai Kapoor,Lucknow,43,Male,2025-02-02,1,Tier 2
CUST00919,Kiara Bansal,Kolkata,23,Male,2024-12-02,0,Tier 1
CUST00920,Karan Bansal,Mumbai,21,Female,2023-06-01,0,Tier 1
CUST00921,Kiara Bansal,Ahmedabad,46,Female,2023-10-29,0,Tier 2
CUST00922,Rahul Pillai,Pune,51,Male,2023-10-05,1,Tier 1
CUST00923,Ananya Mehta,Jaipur,34,Male,2024-10-12,0,Tier 2
CUST00924,Arjun Das,Kolkata,33,Male,2024-11-18,1,Tier 1
CUST00925,Aditya Kapoor,Bengaluru,19,Male,2023-01-08,0,Tier 1
CUST00926,Kiara Iyer,Mumbai,51,Male,2025-03-17,0,Tier 1
CUST00927,Neha Nair,Delhi,25,Female,2023-08-23,1,Tier 1
CUST00928,Riya Verma,Pune,30,Male,2024-11-05,0,Tier 1
CUST00929,Diya Malhotra,Hyderabad,25,Male,2024-07-14,0,Tier 1
CUST00930,Aditya Iyer,Delhi,47,Male,2023-10-29,0,Tier 1
CUST00931,Kiara Das,Mumbai,49,Other,2023-02-07,0,Tier 1
CUST00932,Vivaan Verma,Ahmedabad,53,Male,2023-05-16,1,Tier 2
CUST00933,Diya Iyer,Lucknow,47,Male,2025-04-01,0,Tier 2
CUST00934,Aditya Patel,Pune,18,Female,2024-02-25,1,Tier 1
CUST00935,Priya Pillai,Delhi,34,Female,2023-08-07,0,Tier 1
CUST00936,Anika Desai,Delhi,37,Male,2023-12-14,0,Tier 1
CUST00937,Kiara Bansal,Mumbai,41,Male,2025-03-18,1,Tier 1
CUST00938,Navya Verma,Jaipur,39,Female,2024-06-29,0,Tier 2
CUST00939,Kiara Bansal,Mumbai,46,Male,2025-05-13,1,Tier 1
CUST00940,Rahul Rao,Hyderabad,39,Female,2023-03-20,0,Tier 1
CUST00941,Ananya Pillai,Delhi,26,Female,2025-01-17,1,Tier 1
CUST00942,Myra Malhotra,Hyderabad,54,Male,2025-06-13,0,Tier 1
CUST00943,Arjun Verma,Chennai,27,Male,2023-09-30,1,Tier 1
CUST00944,Kiara Gupta,Ahmedabad,53,Male,2023-06-10,0,Tier 2
CUST00945,Neha Mehta,Delhi,54,Female,2024-11-17,0,Tier 1
CUST00946,Sneha Patel,Mumbai,45,Male,2025-05-27,1,Tier 1
CUST00947,Anika Singh,Mumbai,45,Male,2023-11-04,0,Tier 1
CUST00948,Vivaan Reddy,Jaipur,38,Female,2024-01-09,0,Tier 2
CUST00949,Sneha Das,Ahmedabad,41,Other,2025-01-02,0,Tier 2
CUST00950,Kiara Malhotra,Hyderabad,19,Male,2023-01-09,0,Tier 1
CUST00951,Anika Pillai,Hyderabad,25,Female,2025-03-11,0,Tier 1
CUST00952,Sai Joshi,Chennai,44,Male,2024-03-19,0,Tier 1
CUST00953,Diya Iyer,Delhi,39,Male,2023-04-23,1,Tier 1
CUST00954,Saanvi Chatterjee,Jaipur,54,Male,2023-07-24,0,Tier 2
CUST00955,Karan Mehta,Bengaluru,44,Male,2024-02-09,0,Tier 1
CUST00956,Amit Pillai,Bengaluru,46,Male,2024-11-28,0,Tier 1
CUST00957,Vivaan Mehta,Pune,20,Male,2025-05-02,1,Tier 1
CUST00958,Aditya Mehta,Mumbai,30,Female,2023-07-16,0,Tier 1
CUST00959,Vihaan Agarwal,Delhi,27,Female,2025-02-16,0,Tier 1
CUST00960,Amit Desai,Chennai,53,Female,2025-02-12,0,Tier 1
CUST00961,Rohan Nair,Mumbai,26,Male,2025-01-29,0,Tier 1
CUST00962,Pooja Pillai,Hyderabad,44,Male,2023-04-25,0,Tier 1
CUST00963,Sanjay Kumar,Delhi,51,Male,2023-05-01,0,Tier 1
CUST00964,Ananya Patel,Bengaluru,18,Female,2024-10-14,0,Tier 1
CUST00965,Riya Kumar,Delhi,49,Female,2023-03-06,0,Tier 1
CUST00966,Kavya Joshi,Bengaluru,42,Male,2023-10-03,0,Tier 1
CUST00967,Rohan Desai,Chennai,46,Male,2025-04-04,1,Tier 1
CUST00968,Arjun Pillai,Delhi,24,Male,2023-08-27,0,Tier 1
CUST00969,Sneha Patel,Hyderabad,20,Male,2023-10-29,1,Tier 1
CUST00970,Rohan Agarwal,Pune,37,Male,2024-01-27,0,Tier 1
CUST00971,Saanvi Mehta,Chennai,37,Female,2024-06-05,0,Tier 1
CUST00972,Vikram Kumar,Jaipur,47,Female,2024-01-04,0,Tier 2
CUST00973,Amit Malhotra,Chennai,52,Male,2023-08-21,1,Tier 1
CUST00974,Aditya Chatterjee,Delhi,52,Male,2023-07-14,0,Tier 1
CUST00975,Anika Joshi,Mumbai,44,Other,2023-01-12,0,Tier 1
CUST00976,Aarav Joshi,Delhi,43,Male,2024-11-19,0,Tier 1
CUST00977,Rohan Singh,Hyderabad,31,Male,2023-06-26,0,Tier 1
CUST00978,Reyansh Mehta,Mumbai,34,Male,2023-08-05,0,Tier 1
CUST00979,Karan Kapoor,Pune,35,Male,2023-01-11,0,Tier 1
CUST00980,Reyansh Reddy,Hyderabad,46,Male,2024-03-21,0,Tier 1
CUST00981,Arjun Kumar,Bengaluru,37,Female,2024-09-21,0,Tier 1
CUST00982,Aditya Iyer,Kolkata,44,Male,2023-06-13,0,Tier 1
CUST00983,Sanjay Gupta,Mumbai,35,Male,2024-07-04,1,Tier 1
CUST00984,Anika Agarwal,Mumbai,21,Female,2023-02-22,1,Tier 1
CUST00985,Vikram Malhotra,Chennai,18,Male,2023-08-06,0,Tier 1
CUST00986,Vivaan Mehta,Pune,18,Female,2024-12-18,0,Tier 1
CUST00987,Meera Pillai,Chennai,43,Female,2025-04-03,0,Tier 1
CUST00988,Arjun Pillai,Bengaluru,37,Male,2023-12-26,0,Tier 1
CUST00989,Saanvi Kumar,Delhi,40,Female,2024-01-20,0,Tier 1
CUST00990,Sai Singh,Kolkata,27,Male,2023-02-25,0,Tier 1
CUST00991,Vikram Pillai,Kolkata,28,Other,2023-04-28,0,Tier 1
CUST00992,Neha Singh,Chennai,22,Male,2025-06-18,0,Tier 1
CUST00993,Pooja Das,Delhi,18,Other,2023-09-10,0,Tier 1
CUST00994,Vivaan Chatterjee,Hyderabad,34,Female,2025-03-08,0,Tier 1
CUST00995,Diya Reddy,Bengaluru,39,Male,2025-02-18,0,Tier 1
CUST00996,Kiara Pillai,Mumbai,51,Female,2025-03-13,1,Tier 1
CUST00997,Rohan Das,Jaipur,46,Other,2025-04-24,0,Tier 2
CUST00998,Krishna Agarwal,Mumbai,21,Female,2023-06-29,0,Tier 1
CUST00999,Krishna Iyer,Lucknow,22,Male,2024-02-19,0,Tier 2
CUST01000,Neha Kapoor,Bengaluru,28,Female,2025-05-19,1,Tier 1
CUST01001,Meera Rao,Delhi,38,Male,2023-08-23,0,Tier 1
CUST01002,Diya Bansal,Pune,52,Male,2025-05-04,0,Tier 1
CUST01003,Kiara Das,Ahmedabad,29,Male,2024-12-08,0,Tier 2
CUST01004,Karan Iyer,Chennai,43,Male,2025-03-30,0,Tier 1
CUST01005,Karan Desai,Kolkata,36,Female,2023-03-21,0,Tier 1
CUST01006,Anika Malhotra,Chennai,24,Male,2024-10-08,0,Tier 1
CUST01007,Aadhya Singh,Chennai,24,Female,2023-01-22,0,Tier 1
CUST01008,Vikram Rao,Ahmedabad,43,Male,2024-04-21,0,Tier 2
CUST01009,Neha Pillai,Delhi,22,Male,2025-04-22,0,Tier 1
CUST01010,Arjun Nair,Pune,38,Male,2024-03-15,0,Tier 1
CUST01011,Vivaan Kapoor,Delhi,31,Male,2025-01-06,1,Tier 1
CUST01012,Sanjay Joshi,Lucknow,21,Male,2024-07-23,0,Tier 2
CUST01013,Navya Gupta,Lucknow,40,Male,2023-04-03,0,Tier 2
CUST01014,Sneha Malhotra,Mumbai,37,Female,2023-07-11,1,Tier 1
CUST01015,Sanjay Gupta,Chennai,32,Male,2023-04-13,0,Tier 1
CUST01016,Rohan Patel,Jaipur,46,Male,2024-01-31,0,Tier 2
CUST01017,Karan Singh,Delhi,25,Male,2023-01-07,0,Tier 1
CUST01018,Ishaan Das,Hyderabad,36,Female,2024-10-01,1,Tier 1
CUST01019,Meera Malhotra,Jaipur,45,Female,2024-07-20,0,Tier 2
CUST01020,Arjun Chatterjee,Mumbai,44,Male,2023-08-19,1,Tier 1
CUST01021,Aditya Reddy,Chennai,21,Male,2025-05-23,1,Tier 1
CUST01022,Vikram Das,Delhi,32,Male,2024-07-27,0,Tier 1
CUST01023,Meera Joshi,Jaipur,52,Female,2023-08-28,0,Tier 2
CUST01024,Kavya Sharma,Lucknow,54,Male,2023-03-31,0,Tier 2
CUST01025,Aadhya Verma,Lucknow,18,Male,2023-08-20,1,Tier 2
CUST01026,Saanvi Malhotra,Pune,20,Male,2024-04-01,0,Tier 1
CUST01027,Diya Reddy,Ahmedabad,41,Male,2023-08-21,1,Tier 2
CUST01028,Saanvi Patel,Ahmedabad,44,Male,2023-12-20,0,Tier 2
CUST01029,Diya Reddy,Bengaluru,53,Female,2023-11-29,0,Tier 1
CUST01030,Aarav Mehta,Ahmedabad,51,Male,2024-03-14,0,Tier 2
CUST01031,Kavya Gupta,Mumbai,46,Female,2024-01-10,1,Tier 1
CUST01032,Vikram Mehta,Hyderabad,41,Male,2023-10-19,0,Tier 1
CUST01033,Neha Kumar,Delhi,41,Male,2023-12-11,0,Tier 1
CUST01034,Arjun Verma,Mumbai,21,Female,2024-10-25,1,Tier 1
CUST01035,Rohan Kapoor,Mumbai,20,Male,2024-03-03,1,Tier 1
CUST01036,Sneha Kumar,Chennai,51,Female,2024-10-18,0,Tier 1
CUST01037,Karan Kapoor,Bengaluru,40,Female,2023-05-10,0,Tier 1
CUST01038,Kiara Pillai,Chennai,40,Male,2023-05-21,0,Tier 1
CUST01039,Aarav Patel,Mumbai,22,Female,2024-02-19,0,Tier 1
CUST01040,Aarav Nair,Bengaluru,48,Male,2023-04-03,0,Tier 1
CUST01041,Reyansh Kumar,Pune,23,Female,2024-09-17,0,Tier 1
CUST01042,Navya Pillai,Kolkata,54,Male,2023-10-11,1,Tier 1
CUST01043,Anika Chatterjee,Bengaluru,27,Female,2024-10-16,1,Tier 1
CUST01044,Vihaan Iyer,Hyderabad,24,Male,2023-08-11,0,Tier 1
CUST01045,Krishna Iyer,Jaipur,38,Male,2025-01-13,0,Tier 2
CUST01046,Vihaan Verma,Hyderabad,37,Female,2024-04-07,0,Tier 1
CUST01047,Krishna Chatterjee,Delhi,20,Female,2024-06-28,0,Tier 1
CUST01048,Rahul Pillai,Mumbai,39,Female,2023-10-03,0,Tier 1
CUST01049,Kiara Patel,Ahmedabad,21,Female,2024-11-12,0,Tier 2
CUST01050,Vihaan Kapoor,Mumbai,45,Female,2023-05-20,1,Tier 1
CUST01051,Priya Agarwal,Ahmedabad,29,Male,2023-12-23,0,Tier 2
CUST01052,Aarav Malhotra,Pune,53,Male,2024-12-13,0,Tier 1
CUST01053,Riya Reddy,Jaipur,22,Male,2023-01-23,1,Tier 2
CUST01054,Sneha Kumar,Kolkata,30,Male,2025-01-05,0,Tier 1
CUST01055,Rohan Chatterjee,Lucknow,40,Male,2025-05-29,0,Tier 2
CUST01056,Aarav Pillai,Bengaluru,47,Female,2023-09-27,1,Tier 1
CUST01057,Diya Reddy,Kolkata,54,Male,2025-05-08,1,Tier 1
CUST01058,Riya Chatterjee,Bengaluru,42,Female,2024-10-26,0,Tier 1
CUST01059,Sai Patel,Pune,44,Male,2023-11-29,0,Tier 1
CUST01060,Anika Joshi,Hyderabad,31,Male,2023-03-26,0,Tier 1
CUST01061,Aditya Malhotra,Ahmedabad,53,Male,2024-09-12,1,Tier 2
CUST01062,Navya Malhotra,Lucknow,33,Female,2023-01-31,1,Tier 2
CUST01063,Neha Malhotra,Kolkata,39,Female,2025-01-10,1,Tier 1
CUST01064,Navya Sharma,Bengaluru,38,Female,2023-08-28,1,Tier 1
CUST01065,Saanvi Kapoor,Bengaluru,38,Male,2025-06-08,1,Tier 1
CUST01066,Vivaan Desai,Chennai,25,Female,2023-12-29,0,Tier 1
CUST01067,Diya Nair,Delhi,33,Male,2025-04-01,0,Tier 1
CUST01068,Pooja Sharma,Mumbai,48,Male,2024-01-24,0,Tier 1
CUST01069,Diya Patel,Bengaluru,27,Male,2024-10-14,1,Tier 1
CUST01070,Diya Reddy,Delhi,49,Male,2024-10-29,1,Tier 1
CUST01071,Pooja Gupta,Delhi,51,Male,2023-10-26,0,Tier 1
CUST01072,Karan Bansal,Delhi,26,Female,2025-05-06,0,Tier 1
CUST01073,Pooja Mehta,Mumbai,34,Female,2024-01-06,0,Tier 1
CUST01074,Arjun Verma,Mumbai,28,Male,2023-04-09,0,Tier 1
CUST01075,Diya Agarwal,Lucknow,49,Male,2023-02-16,0,Tier 2
CUST01076,Ananya Singh,Bengaluru,27,Male,2025-04-18,0,Tier 1
CUST01077,Vikram Das,Bengaluru,39,Male,2024-02-26,0,Tier 1
CUST01078,Sneha Kapoor,Chennai,34,Female,2024-04-24,0,Tier 1
CUST01079,Rahul Singh,Delhi,21,Male,2024-08-01,0,Tier 1
CUST01080,Neha Kumar,Lucknow,42,Female,2023-03-03,0,Tier 2
CUST01081,Aditya Das,Kolkata,38,Male,2023-04-19,1,Tier 1
CUST01082,Vivaan Iyer,Mumbai,54,Other,2024-11-09,0,Tier 1
CUST01083,Reyansh Verma,Bengaluru,18,Male,2024-07-02,0,Tier 1
CUST01084,Neha Rao,Ahmedabad,42,Female,2023-04-29,0,Tier 2
CUST01085,Meera Verma,Lucknow,53,Male,2024-08-20,0,Tier 2
CUST01086,Ananya Iyer,Pune,34,Female,2024-01-17,0,Tier 1
CUST01087,Anika Desai,Hyderabad,41,Male,2024-01-27,0,Tier 1
CUST01088,Vikram Agarwal,Delhi,19,Male,2023-02-21,1,Tier 1
CUST01089,Myra Nair,Lucknow,32,Female,2024-08-25,0,Tier 2
CUST01090,Vivaan Rao,Delhi,49,Female,2023-10-16,0,Tier 1
CUST01091,Rohan Joshi,Lucknow,23,Female,2023-12-03,0,Tier 2
CUST01092,Sanjay Verma,Hyderabad,18,Female,2025-03-20,0,Tier 1
CUST01093,Sanjay Mehta,Hyderabad,40,Female,2023-07-23,0,Tier 1
CUST01094,Ishaan Gupta,Pune,34,Male,2025-05-29,0,Tier 1
CUST01095,Neha Joshi,Delhi,51,Male,2023-08-26,1,Tier 1
CUST01096,Aadhya Desai,Delhi,46,Male,2024-01-17,0,Tier 1
CUST01097,Pooja Das,Delhi,26,Female,2024-10-28,1,Tier 1
CUST01098,Meera Desai,Delhi,30,Male,2025-01-21,0,Tier 1
CUST01099,Ananya Singh,Kolkata,23,Male,2023-05-16,1,Tier 1
CUST01100,Myra Kapoor,Bengaluru,23,Female,2024-02-11,0,Tier 1
CUST01101,Diya Malhotra,Mumbai,37,Female,2024-05-22,1,Tier 1
CUST01102,Ishaan Patel,Lucknow,20,Male,2023-12-28,0,Tier 2
CUST01103,Pooja Chatterjee,Jaipur,34,Male,2024-01-16,0,Tier 2
CUST01104,Aditya Chatterjee,Jaipur,29,Male,2025-05-30,0,Tier 2
CUST01105,Priya Singh,Lucknow,18,Male,2024-07-29,0,Tier 2
CUST01106,Navya Iyer,Delhi,34,Male,2024-09-26,0,Tier 1
CUST01107,Ananya Gupta,Bengaluru,20,Female,2023-09-11,0,Tier 1
CUST01108,Aditya Mehta,Kolkata,43,Female,2024-04-21,0,Tier 1
CUST01109,Amit Iyer,Chennai,32,Female,2023-04-24,1,Tier 1
CUST01110,Rohan Das,Mumbai,53,Male,2023-01-20,0,Tier 1
CUST01111,Priya Chatterjee,Kolkata,49,Female,2024-06-11,1,Tier 1
CUST01112,Sai Das,Delhi,49,Male,2023-05-25,1,Tier 1
CUST01113,Diya Das,Delhi,21,Male,2023-07-27,0,Tier 1
CUST01114,Vivaan Joshi,Pune,35,Female,2024-06-14,0,Tier 1
CUST01115,Priya Chatterjee,Hyderabad,36,Male,2024-01-11,0,Tier 1
CUST01116,Ishaan Verma,Hyderabad,52,Male,2024-05-18,0,Tier 1
CUST01117,Aditya Desai,Mumbai,31,Female,2023-06-15,1,Tier 1
CUST01118,Diya Malhotra,Ahmedabad,50,Male,2024-07-03,1,Tier 2
CUST01119,Neha Singh,Delhi,31,Female,2023-06-30,0,Tier 1
CUST01120,Aarav Kumar,Mumbai,51,Male,2025-05-10,0,Tier 1
CUST01121,Sanjay Pillai,Jaipur,21,Female,2024-09-08,1,Tier 2
CUST01122,Amit Das,Lucknow,41,Male,2024-09-03,0,Tier 2
CUST01123,Vivaan Kumar,Ahmedabad,46,Male,2024-08-24,0,Tier 2
CUST01124,Aditya Reddy,Kolkata,36,Female,2025-03-22,0,Tier 1
CUST01125,Karan Joshi,Chennai,23,Male,2024-03-19,0,Tier 1
CUST01126,Diya Desai,Hyderabad,50,Male,2023-11-28,0,Tier 1
CUST01127,Riya Verma,Mumbai,36,Male,2024-05-17,0,Tier 1
CUST01128,Priya Kumar,Bengaluru,18,Male,2023-03-20,1,Tier 1
CUST01129,Amit Das,Bengaluru,22,Male,2024-08-07,0,Tier 1
CUST01130,Diya Joshi,Delhi,44,Male,2024-11-18,0,Tier 1
CUST01131,Kiara Patel,Chennai,33,Female,2024-01-31,1,Tier 1
CUST01132,Riya Kumar,Pune,23,Male,2024-08-30,0,Tier 1
CUST01133,Anika Joshi,Mumbai,30,Male,2025-05-06,0,Tier 1
CUST01134,Saanvi Mehta,Delhi,52,Male,2023-04-13,0,Tier 1
CUST01135,Rahul Nair,Chennai,36,Male,2024-02-06,1,Tier 1
CUST01136,Krishna Gupta,Mumbai,29,Female,2023-08-12,0,Tier 1
CUST01137,Aarav Singh,Ahmedabad,33,Male,2024-06-01,0,Tier 2
CUST01138,Myra Malhotra,Pune,27,Female,2024-09-25,1,Tier 1
CUST01139,Saanvi Agarwal,Pune,42,Male,2023-08-24,0,Tier 1
CUST01140,Vihaan Nair,Hyderabad,37,Female,2024-03-02,0,Tier 1
CUST01141,Karan Nair,Ahmedabad,48,Female,2023-04-26,0,Tier 2
CUST01142,Sneha Das,Bengaluru,21,Female,2023-06-12,1,Tier 1
CUST01143,Reyansh Pillai,Chennai,40,Female,2023-08-14,0,Tier 1
CUST01144,Rohan Kapoor,Hyderabad,19,Female,2023-08-18,0,Tier 1
CUST01145,Reyansh Gupta,Delhi,39,Male,2023-07-01,0,Tier 1
CUST01146,Arjun Patel,Ahmedabad,54,Male,2023-09-06,0,Tier 2
CUST01147,Kiara Singh,Kolkata,25,Female,2023-11-14,0,Tier 1
CUST01148,Meera Das,Chennai,24,Male,2023-07-29,1,Tier 1
CUST01149,Aditya Mehta,Ahmedabad,31,Male,2024-10-17,0,Tier 2
CUST01150,Amit Joshi,Ahmedabad,20,Female,2024-01-27,0,Tier 2
CUST01151,Sneha Patel,Chennai,33,Male,2025-05-06,0,Tier 1
CUST01152,Navya Agarwal,Ahmedabad,36,Female,2023-04-06,1,Tier 2
CUST01153,Rohan Iyer,Chennai,35,Female,2025-06-12,0,Tier 1
CUST01154,Sanjay Singh,Chennai,33,Female,2025-05-07,0,Tier 1
CUST01155,Sneha Singh,Hyderabad,25,Female,2025-01-25,0,Tier 1
CUST01156,Neha Joshi,Kolkata,50,Male,2023-03-27,1,Tier 1
CUST01157,Anika Reddy,Mumbai,29,Male,2024-02-19,1,Tier 1
CUST01158,Vihaan Rao,Jaipur,28,Male,2024-01-29,1,Tier 2
CUST01159,Neha Kumar,Ahmedabad,22,Male,2024-11-26,0,Tier 2
CUST01160,Krishna Kapoor,Mumbai,44,Female,2024-09-24,1,Tier 1
CUST01161,Aarav Joshi,Ahmedabad,29,Female,2025-04-23,1,Tier 2
CUST01162,Navya Bansal,Mumbai,34,Male,2024-05-15,1,Tier 1
CUST01163,Diya Das,Bengaluru,23,Male,2024-08-26,0,Tier 1
CUST01164,Neha Agarwal,Kolkata,50,Female,2024-08-04,1,Tier 1
CUST01165,Arjun Pillai,Delhi,22,Male,2023-05-13,0,Tier 1
CUST01166,Meera Patel,Kolkata,45,Male,2025-03-01,0,Tier 1
CUST01167,Aditya Iyer,Ahmedabad,31,Male,2024-10-10,0,Tier 2
CUST01168,Saanvi Kapoor,Pune,22,Female,2023-11-10,0,Tier 1
CUST01169,Anika Chatterjee,Mumbai,50,Female,2024-11-29,0,Tier 1
CUST01170,Karan Chatterjee,Delhi,36,Female,2023-08-09,0,Tier 1
CUST01171,Vikram Bansal,Hyderabad,39,Female,2024-03-13,0,Tier 1
CUST01172,Aditya Kumar,Lucknow,22,Male,2023-02-15,0,Tier 2
CUST01173,Ananya Patel,Hyderabad,19,Male,2025-02-28,0,Tier 1
CUST01174,Kiara Das,Delhi,47,Female,2023-07-11,0,Tier 1
CUST01175,Amit Malhotra,Hyderabad,21,Male,2024-06-03,0,Tier 1
CUST01176,Diya Kumar,Pune,50,Female,2024-01-14,0,Tier 1
CUST01177,Meera Agarwal,Kolkata,30,Female,2025-02-26,0,Tier 1
CUST01178,Rahul Bansal,Mumbai,37,Female,2024-11-21,0,Tier 1
CUST01179,Sai Kumar,Kolkata,24,Female,2023-11-30,0,Tier 1
CUST01180,Aadhya Malhotra,Pune,32,Female,2023-02-08,1,Tier 1
CUST01181,Kavya Verma,Lucknow,40,Female,2023-10-20,1,Tier 2
CUST01182,Vikram Gupta,Bengaluru,31,Male,2024-11-20,0,Tier 1
CUST01183,Anika Kumar,Hyderabad,40,Male,2023-06-11,1,Tier 1
CUST01184,Rohan Singh,Jaipur,36,Male,2023-11-27,0,Tier 2
CUST01185,Sai Mehta,Mumbai,46,Female,2025-06-04,1,Tier 1
CUST01186,Kavya Reddy,Jaipur,37,Male,2023-04-14,0,Tier 2
CUST01187,Diya Malhotra,Chennai,46,Female,2023-06-10,0,Tier 1
CUST01188,Meera Iyer,Mumbai,41,Male,2025-03-09,0,Tier 1
CUST01189,Sanjay Patel,Delhi,35,Female,2024-09-26,0,Tier 1
CUST01190,Ishaan Rao,Chennai,27,Male,2023-02-23,1,Tier 1
CUST01191,Rahul Agarwal,Mumbai,25,Female,2023-02-03,1,Tier 1
CUST01192,Ishaan Kumar,Hyderabad,43,Female,2023-08-30,0,Tier 1
CUST01193,Rahul Iyer,Bengaluru,46,Male,2025-06-08,0,Tier 1
CUST01194,Priya Agarwal,Hyderabad,27,Male,2023-04-23,0,Tier 1
CUST01195,Aditya Malhotra,Mumbai,34,Female,2023-11-14,0,Tier 1
CUST01196,Rahul Singh,Ahmedabad,19,Male,2023-01-23,0,Tier 2
CUST01197,Riya Bansal,Lucknow,23,Male,2024-07-11,0,Tier 2
CUST01198,Arjun Singh,Lucknow,22,Female,2025-04-03,0,Tier 2
CUST01199,Amit Pillai,Kolkata,45,Female,2024-10-08,1,Tier 1
CUST01200,Pooja Pillai,Mumbai,22,Female,2023-04-28,0,Tier 1
CUST01201,Ananya Bansal,Kolkata,35,Male,2024-12-01,0,Tier 1
CUST01202,Vivaan Sharma,Mumbai,43,Male,2024-10-04,1,Tier 1
CUST01203,Aditya Verma,Mumbai,37,Female,2023-07-31,0,Tier 1
CUST01204,Rahul Bansal,Bengaluru,44,Male,2024-02-22,1,Tier 1
CUST01205,Ishaan Rao,Pune,29,Female,2023-04-23,0,Tier 1
CUST01206,Karan Bansal,Kolkata,24,Male,2023-02-13,0,Tier 1
CUST01207,Aadhya Pillai,Chennai,20,Male,2023-05-08,0,Tier 1
CUST01208,Rahul Sharma,Bengaluru,27,Male,2025-05-25,0,Tier 1
CUST01209,Myra Agarwal,Delhi,51,Male,2023-06-07,0,Tier 1
CUST01210,Rohan Iyer,Lucknow,42,Male,2025-02-23,0,Tier 2
CUST01211,Myra Reddy,Bengaluru,52,Male,2025-04-06,0,Tier 1
CUST01212,Neha Desai,Pune,33,Female,2024-01-29,0,Tier 1
CUST01213,Rohan Das,Delhi,19,Male,2025-05-16,0,Tier 1
CUST01214,Aditya Verma,Kolkata,41,Female,2025-05-01,0,Tier 1
CUST01215,Sai Das,Chennai,27,Female,2024-05-26,1,Tier 1
CUST01216,Aadhya Kapoor,Delhi,39,Female,2023-02-14,0,Tier 1
CUST01217,Kiara Rao,Mumbai,43,Male,2023-04-18,1,Tier 1
CUST01218,Ananya Pillai,Chennai,44,Female,2023-08-07,1,Tier 1
CUST01219,Arjun Mehta,Chennai,46,Female,2024-03-18,0,Tier 1
CUST01220,Sanjay Mehta,Delhi,37,Female,2025-04-09,1,Tier 1
CUST01221,Pooja Joshi,Lucknow,44,Female,2023-11-11,0,Tier 2
CUST01222,Saanvi Kumar,Mumbai,37,Female,2023-06-26,0,Tier 1
CUST01223,Karan Joshi,Bengaluru,36,Female,2023-08-16,0,Tier 1
CUST01224,Anika Agarwal,Lucknow,37,Male,2024-12-03,0,Tier 2
CUST01225,Vihaan Mehta,Bengaluru,52,Female,2024-11-02,0,Tier 1
CUST01226,Krishna Das,Hyderabad,19,Male,2023-09-24,1,Tier 1
CUST01227,Vihaan Nair,Bengaluru,47,Female,2025-05-19,0,Tier 1
CUST01228,Kiara Reddy,Delhi,51,Male,2025-04-17,0,Tier 1
CUST01229,Arjun Gupta,Lucknow,39,Male,2024-01-14,0,Tier 2
CUST01230,Vivaan Iyer,Bengaluru,20,Female,2024-05-03,0,Tier 1
CUST01231,Saanvi Pillai,Jaipur,23,Female,2024-12-02,0,Tier 2
CUST01232,Aadhya Reddy,Delhi,32,Male,2024-11-17,0,Tier 1
CUST01233,Sanjay Singh,Delhi,44,Male,2023-10-17,0,Tier 1
CUST01234,Vikram Mehta,Mumbai,27,Female,2023-12-23,1,Tier 1
CUST01235,Kavya Bansal,Chennai,26,Male,2024-10-18,0,Tier 1
CUST01236,Pooja Mehta,Bengaluru,50,Female,2025-01-13,0,Tier 1
CUST01237,Reyansh Singh,Ahmedabad,49,Male,2025-05-21,1,Tier 2
CUST01238,Myra Malhotra,Pune,23,Female,2023-07-23,0,Tier 1
CUST01239,Kiara Kapoor,Lucknow,53,Female,2023-08-01,0,Tier 2
CUST01240,Meera Iyer,Delhi,19,Male,2024-07-05,0,Tier 1
CUST01241,Myra Sharma,Ahmedabad,46,Male,2025-02-25,1,Tier 2
CUST01242,Aditya Desai,Kolkata,21,Male,2023-11-19,0,Tier 1
CUST01243,Anika Das,Kolkata,18,Female,2024-08-16,1,Tier 1
CUST01244,Krishna Rao,Ahmedabad,36,Female,2023-06-30,0,Tier 2
CUST01245,Riya Joshi,Kolkata,43,Female,2024-05-13,1,Tier 1
CUST01246,Vivaan Verma,Hyderabad,42,Male,2023-11-16,0,Tier 1
CUST01247,Rohan Kapoor,Mumbai,27,Male,2023-03-24,0,Tier 1
CUST01248,Priya Kapoor,Mumbai,32,Male,2023-10-30,0,Tier 1
CUST01249,Rohan Agarwal,Jaipur,39,Male,2023-09-19,1,Tier 2
CUST01250,Aarav Gupta,Hyderabad,38,Female,2025-02-22,0,Tier 1
CUST01251,Aadhya Kumar,Kolkata,39,Female,2023-07-19,0,Tier 1
CUST01252,Meera Nair,Pune,53,Female,2023-08-28,0,Tier 1
CUST01253,Pooja Joshi,Mumbai,51,Male,2024-11-22,0,Tier 1
CUST01254,Karan Desai,Mumbai,47,Female,2024-11-13,0,Tier 1
CUST01255,Diya Verma,Chennai,42,Female,2023-10-22,0,Tier 1
CUST01256,Saanvi Verma,Bengaluru,45,Female,2024-05-26,1,Tier 1
CUST01257,Riya Agarwal,Delhi,18,Male,2024-11-19,1,Tier 1
CUST01258,Reyansh Joshi,Pune,21,Male,2025-05-30,0,Tier 1
CUST01259,Navya Iyer,Mumbai,24,Male,2024-01-31,1,Tier 1
CUST01260,Aditya Desai,Hyderabad,26,Female,2025-01-18,0,Tier 1
CUST01261,Anika Das,Delhi,53,Male,2023-05-18,0,Tier 1
CUST01262,Karan Agarwal,Kolkata,36,Male,2025-04-18,0,Tier 1
CUST01263,Ishaan Pillai,Bengaluru,18,Female,2025-05-27,1,Tier 1
CUST01264,Amit Pillai,Pune,27,Female,2025-04-02,1,Tier 1
CUST01265,Vihaan Kumar,Mumbai,53,Female,2023-05-09,0,Tier 1
CUST01266,Vihaan Desai,Mumbai,26,Male,2023-02-18,0,Tier 1
CUST01267,Diya Mehta,Bengaluru,49,Male,2024-11-06,0,Tier 1
CUST01268,Navya Joshi,Pune,49,Female,2025-02-27,1,Tier 1
CUST01269,Karan Kumar,Hyderabad,23,Female,2023-10-20,1,Tier 1
CUST01270,Reyansh Pillai,Delhi,34,Female,2024-09-19,1,Tier 1
CUST01271,Anika Desai,Chennai,27,Female,2024-06-19,0,Tier 1
CUST01272,Anika Verma,Ahmedabad,44,Female,2023-11-07,0,Tier 2
CUST01273,Vivaan Verma,Kolkata,52,Female,2024-06-20,1,Tier 1
CUST01274,Arjun Mehta,Mumbai,38,Male,2024-09-30,1,Tier 1
CUST01275,Neha Kapoor,Pune,42,Female,2023-08-22,0,Tier 1
CUST01276,Anika Das,Mumbai,45,Female,2023-07-28,0,Tier 1
CUST01277,Arjun Pillai,Delhi,32,Female,2024-08-27,0,Tier 1
CUST01278,Meera Malhotra,Lucknow,21,Male,2023-04-04,1,Tier 2
CUST01279,Arjun Mehta,Mumbai,46,Male,2023-11-23,0,Tier 1
CUST01280,Kavya Pillai,Pune,26,Male,2023-08-13,0,Tier 1
CUST01281,Ananya Singh,Hyderabad,44,Male,2025-06-08,1,Tier 1
CUST01282,Saanvi Pillai,Chennai,43,Male,2025-03-02,1,Tier 1
CUST01283,Pooja Iyer,Hyderabad,36,Female,2023-01-11,0,Tier 1
CUST01284,Riya Mehta,Mumbai,45,Male,2023-11-25,1,Tier 1
CUST01285,Anika Malhotra,Bengaluru,34,Male,2023-01-12,1,Tier 1
CUST01286,Navya Kapoor,Pune,37,Male,2023-02-04,0,Tier 1
CUST01287,Sneha Bansal,Mumbai,40,Female,2024-03-22,0,Tier 1
CUST01288,Rohan Kapoor,Bengaluru,49,Male,2024-03-27,0,Tier 1
CUST01289,Vikram Sharma,Mumbai,50,Male,2025-01-09,0,Tier 1
CUST01290,Diya Mehta,Mumbai,22,Female,2023-08-08,0,Tier 1
CUST01291,Amit Gupta,Bengaluru,51,Male,2024-03-16,0,Tier 1
CUST01292,Aadhya Bansal,Mumbai,28,Female,2024-10-14,1,Tier 1
CUST01293,Rohan Sharma,Hyderabad,20,Female,2024-06-18,0,Tier 1
CUST01294,Priya Kapoor,Chennai,50,Male,2024-08-17,1,Tier 1
CUST01295,Ishaan Bansal,Kolkata,28,Male,2023-08-17,0,Tier 1
CUST01296,Riya Reddy,Delhi,33,Female,2023-12-10,0,Tier 1
CUST01297,Pooja Verma,Delhi,35,Male,2023-03-21,0,Tier 1
CUST01298,Riya Kapoor,Mumbai,47,Male,2023-12-19,0,Tier 1
CUST01299,Sai Malhotra,Hyderabad,27,Male,2024-01-31,0,Tier 1
CUST01300,Rahul Pillai,Chennai,35,Female,2023-10-17,0,Tier 1
CUST01301,Karan Desai,Mumbai,36,Male,2024-03-30,0,Tier 1
CUST01302,Arjun Reddy,Jaipur,53,Female,2025-04-22,0,Tier 2
CUST01303,Vivaan Bansal,Mumbai,30,Female,2024-11-01,0,Tier 1
CUST01304,Sneha Gupta,Pune,20,Male,2023-05-08,0,Tier 1
CUST01305,Reyansh Sharma,Chennai,27,Male,2024-12-02,0,Tier 1
CUST01306,Kiara Mehta,Ahmedabad,18,Female,2024-06-26,0,Tier 2
CUST01307,Aadhya Kumar,Chennai,44,Male,2025-06-16,1,Tier 1
CUST01308,Aadhya Rao,Kolkata,25,Female,2023-12-25,0,Tier 1
CUST01309,Aadhya Malhotra,Bengaluru,34,Male,2024-06-10,0,Tier 1
CUST01310,Karan Pillai,Kolkata,26,Male,2023-11-09,0,Tier 1
CUST01311,Kavya Kapoor,Mumbai,23,Male,2023-03-16,0,Tier 1
CUST01312,Sanjay Verma,Jaipur,42,Male,2024-06-29,0,Tier 2
CUST01313,Sneha Kumar,Pune,45,Male,2025-05-20,1,Tier 1
CUST01314,Anika Rao,Kolkata,50,Female,2023-07-15,1,Tier 1
CUST01315,Navya Mehta,Pune,54,Male,2025-04-22,0,Tier 1
CUST01316,Amit Kapoor,Hyderabad,26,Male,2023-01-29,1,Tier 1
CUST01317,Anika Desai,Pune,35,Male,2024-12-06,0,Tier 1
CUST01318,Ananya Singh,Chennai,38,Female,2023-01-16,0,Tier 1
CUST01319,Kiara Agarwal,Mumbai,19,Male,2024-02-27,0,Tier 1
CUST01320,Ananya Agarwal,Mumbai,53,Female,2024-08-11,0,Tier 1
CUST01321,Diya Nair,Delhi,54,Male,2025-03-15,1,Tier 1
CUST01322,Priya Kapoor,Mumbai,32,Male,2024-08-15,0,Tier 1
CUST01323,Reyansh Reddy,Ahmedabad,45,Male,2024-02-09,0,Tier 2
CUST01324,Ishaan Agarwal,Delhi,35,Female,2024-09-27,0,Tier 1
CUST01325,Rohan Reddy,Lucknow,51,Male,2024-06-14,1,Tier 2
CUST01326,Rohan Iyer,Bengaluru,39,Male,2024-09-05,0,Tier 1
CUST01327,Sneha Rao,Delhi,28,Male,2023-03-18,1,Tier 1
CUST01328,Sneha Kapoor,Kolkata,30,Female,2023-08-17,0,Tier 1
CUST01329,Ananya Kapoor,Chennai,21,Male,2023-10-24,1,Tier 1
CUST01330,Diya Agarwal,Pune,39,Male,2024-05-24,1,Tier 1
CUST01331,Kavya Nair,Hyderabad,24,Male,2024-12-15,1,Tier 1
CUST01332,Rohan Gupta,Chennai,41,Male,2024-07-26,0,Tier 1
CUST01333,Riya Agarwal,Delhi,21,Female,2024-06-21,0,Tier 1
CUST01334,Saanvi Desai,Lucknow,45,Female,2024-08-05,0,Tier 2
CUST01335,Vikram Joshi,Lucknow,32,Male,2024-09-06,0,Tier 2
CUST01336,Karan Kumar,Chennai,18,Male,2023-11-22,0,Tier 1
CUST01337,Rohan Verma,Delhi,20,Male,2023-12-29,0,Tier 1
CUST01338,Rohan Patel,Chennai,31,Male,2024-10-30,0,Tier 1
CUST01339,Diya Das,Mumbai,18,Male,2025-05-24,1,Tier 1
CUST01340,Rahul Nair,Mumbai,38,Female,2023-12-25,0,Tier 1
CUST01341,Pooja Kapoor,Delhi,46,Female,2024-12-06,0,Tier 1
CUST01342,Reyansh Rao,Pune,22,Female,2025-02-25,0,Tier 1
CUST01343,Vikram Agarwal,Ahmedabad,27,Female,2023-11-20,0,Tier 2
CUST01344,Ishaan Agarwal,Chennai,45,Female,2024-11-28,1,Tier 1
CUST01345,Sneha Nair,Kolkata,38,Female,2023-11-22,1,Tier 1
CUST01346,Arjun Gupta,Bengaluru,24,Male,2024-09-16,0,Tier 1
CUST01347,Priya Bansal,Bengaluru,20,Female,2025-04-04,1,Tier 1
CUST01348,Krishna Reddy,Bengaluru,37,Male,2023-06-14,1,Tier 1
CUST01349,Vivaan Malhotra,Lucknow,36,Male,2024-07-26,1,Tier 2
CUST01350,Krishna Reddy,Mumbai,52,Female,2024-08-26,0,Tier 1
CUST01351,Vivaan Gupta,Ahmedabad,21,Male,2025-03-08,1,Tier 2
CUST01352,Aadhya Mehta,Hyderabad,22,Male,2024-03-30,0,Tier 1
CUST01353,Sneha Kapoor,Bengaluru,18,Female,2023-06-02,0,Tier 1
CUST01354,Vihaan Kumar,Chennai,21,Male,2025-01-06,0,Tier 1
CUST01355,Aarav Agarwal,Pune,29,Male,2023-05-07,1,Tier 1
CUST01356,Kavya Singh,Ahmedabad,44,Female,2023-07-12,0,Tier 2
CUST01357,Aadhya Kapoor,Jaipur,40,Female,2024-09-18,0,Tier 2
CUST01358,Myra Rao,Bengaluru,42,Female,2025-02-12,0,Tier 1
CUST01359,Karan Iyer,Delhi,38,Male,2024-06-13,0,Tier 1
CUST01360,Ananya Iyer,Hyderabad,41,Male,2023-01-10,0,Tier 1
CUST01361,Rahul Verma,Jaipur,42,Female,2023-04-02,1,Tier 2
CUST01362,Kavya Patel,Delhi,49,Female,2023-05-19,0,Tier 1
CUST01363,Rahul Bansal,Hyderabad,49,Male,2024-04-25,0,Tier 1
CUST01364,Krishna Agarwal,Hyderabad,22,Male,2024-03-24,1,Tier 1
CUST01365,Pooja Verma,Chennai,53,Male,2023-11-29,0,Tier 1
CUST01366,Kavya Singh,Mumbai,33,Female,2025-05-18,0,Tier 1
CUST01367,Aadhya Singh,Chennai,50,Male,2023-12-06,1,Tier 1
CUST01368,Kavya Verma,Jaipur,38,Female,2023-02-21,1,Tier 2
CUST01369,Vikram Desai,Delhi,26,Male,2024-12-07,1,Tier 1
CUST01370,Neha Kapoor,Delhi,23,Female,2024-04-10,0,Tier 1
CUST01371,Sai Iyer,Lucknow,52,Female,2024-12-18,1,Tier 2
CUST01372,Meera Verma,Delhi,39,Female,2025-03-09,1,Tier 1
CUST01373,Aarav Iyer,Ahmedabad,22,Male,2024-04-19,1,Tier 2
CUST01374,Riya Pillai,Pune,40,Female,2024-02-05,0,Tier 1
CUST01375,Vihaan Mehta,Delhi,34,Female,2024-03-14,0,Tier 1
CUST01376,Rohan Das,Ahmedabad,29,Male,2025-05-27,0,Tier 2
CUST01377,Rahul Agarwal,Bengaluru,40,Female,2024-08-27,1,Tier 1
CUST01378,Anika Kapoor,Pune,33,Female,2025-03-31,0,Tier 1
CUST01379,Meera Kumar,Bengaluru,20,Female,2024-10-18,0,Tier 1
CUST01380,Sanjay Malhotra,Hyderabad,47,Female,2024-08-20,0,Tier 1
CUST01381,Kiara Nair,Delhi,39,Male,2024-05-23,0,Tier 1
CUST01382,Reyansh Gupta,Bengaluru,26,Male,2023-06-02,0,Tier 1
CUST01383,Ananya Singh,Lucknow,46,Male,2024-05-28,0,Tier 2
CUST01384,Pooja Das,Delhi,54,Female,2024-05-17,1,Tier 1
CUST01385,Rahul Nair,Chennai,40,Female,2025-05-03,0,Tier 1
CUST01386,Sneha Singh,Bengaluru,30,Female,2025-02-10,0,Tier 1
CUST01387,Aarav Mehta,Kolkata,49,Male,2024-11-06,0,Tier 1
CUST01388,Neha Iyer,Mumbai,40,Male,2023-01-06,0,Tier 1
CUST01389,Riya Rao,Lucknow,34,Female,2024-05-14,0,Tier 2
CUST01390,Sai Pillai,Pune,38,Male,2024-10-22,1,Tier 1
CUST01391,Sanjay Desai,Delhi,19,Male,2024-12-17,1,Tier 1
CUST01392,Vikram Chatterjee,Mumbai,54,Female,2023-04-28,0,Tier 1
CUST01393,Anika Mehta,Delhi,23,Male,2024-04-29,0,Tier 1
CUST01394,Aditya Desai,Pune,35,Male,2024-08-23,1,Tier 1
CUST01395,Amit Gupta,Bengaluru,47,Male,2024-10-27,1,Tier 1
CUST01396,Sai Kumar,Ahmedabad,39,Male,2024-11-09,0,Tier 2
CUST01397,Myra Mehta,Bengaluru,50,Other,2024-04-12,0,Tier 1
CUST01398,Kavya Reddy,Delhi,47,Male,2023-06-10,0,Tier 1
CUST01399,Aarav Nair,Hyderabad,34,Male,2023-09-27,0,Tier 1
CUST01400,Saanvi Reddy,Chennai,49,Male,2023-02-25,0,Tier 1
CUST01401,Kiara Nair,Delhi,31,Female,2023-08-16,0,Tier 1
CUST01402,Ananya Iyer,Delhi,27,Male,2025-04-28,0,Tier 1
CUST01403,Riya Bansal,Mumbai,53,Female,2023-05-29,0,Tier 1
CUST01404,Aarav Nair,Chennai,51,Male,2023-02-15,0,Tier 1
CUST01405,Rahul Joshi,Chennai,26,Male,2023-05-24,0,Tier 1
CUST01406,Sneha Reddy,Pune,45,Male,2025-01-19,0,Tier 1
CUST01407,Vivaan Gupta,Ahmedabad,28,Female,2025-02-22,0,Tier 2
CUST01408,Kiara Iyer,Kolkata,31,Female,2024-09-23,1,Tier 1
CUST01409,Sai Desai,Hyderabad,36,Male,2023-12-06,1,Tier 1
CUST01410,Amit Malhotra,Ahmedabad,32,Female,2024-02-17,1,Tier 2
CUST01411,Kavya Iyer,Delhi,45,Female,2025-01-01,1,Tier 1
CUST01412,Sneha Gupta,Mumbai,41,Male,2024-06-03,1,Tier 1
CUST01413,Rahul Iyer,Delhi,25,Female,2023-12-10,0,Tier 1
CUST01414,Diya Pillai,Mumbai,26,Male,2024-01-22,0,Tier 1
CUST01415,Krishna Reddy,Pune,50,Female,2024-04-17,0,Tier 1
CUST01416,Arjun Kapoor,Jaipur,50,Female,2023-10-02,1,Tier 2
CUST01417,Arjun Das,Mumbai,36,Female,2023-12-19,0,Tier 1
CUST01418,Pooja Pillai,Mumbai,20,Female,2023-03-07,0,Tier 1
CUST01419,Diya Chatterjee,Pune,27,Male,2023-03-20,0,Tier 1
CUST01420,Sneha Agarwal,Jaipur,18,Female,2024-08-20,0,Tier 2
CUST01421,Kavya Kapoor,Bengaluru,46,Male,2024-09-27,1,Tier 1
CUST01422,Karan Agarwal,Pune,51,Male,2023-07-21,1,Tier 1
CUST01423,Neha Rao,Mumbai,30,Female,2024-10-23,0,Tier 1
CUST01424,Karan Reddy,Mumbai,18,Female,2024-07-11,1,Tier 1
CUST01425,Amit Pillai,Lucknow,51,Female,2023-04-23,0,Tier 2
CUST01426,Sanjay Patel,Lucknow,46,Male,2023-04-01,0,Tier 2
CUST01427,Anika Das,Mumbai,30,Female,2023-05-21,0,Tier 1
CUST01428,Anika Joshi,Lucknow,46,Female,2023-10-16,1,Tier 2
CUST01429,Aditya Bansal,Hyderabad,41,Male,2024-12-30,0,Tier 1
CUST01430,Vihaan Verma,Ahmedabad,43,Male,2024-08-11,0,Tier 2
CUST01431,Vikram Agarwal,Pune,34,Male,2024-02-15,0,Tier 1
CUST01432,Meera Malhotra,Pune,24,Male,2024-01-12,1,Tier 1
CUST01433,Reyansh Bansal,Pune,30,Other,2024-01-19,1,Tier 1
CUST01434,Navya Kumar,Chennai,22,Female,2025-04-25,1,Tier 1
CUST01435,Sai Mehta,Mumbai,43,Female,2023-06-01,1,Tier 1
CUST01436,Sanjay Malhotra,Mumbai,20,Female,2025-04-14,0,Tier 1
CUST01437,Kiara Gupta,Delhi,24,Male,2025-01-20,1,Tier 1
CUST01438,Amit Rao,Chennai,18,Female,2024-09-18,0,Tier 1
CUST01439,Sneha Bansal,Delhi,34,Male,2023-11-15,0,Tier 1
CUST01440,Myra Patel,Chennai,42,Female,2024-01-04,1,Tier 1
CUST01441,Meera Malhotra,Lucknow,20,Male,2024-08-28,0,Tier 2
CUST01442,Kiara Verma,Mumbai,32,Female,2024-07-13,0,Tier 1
CUST01443,Kiara Kumar,Chennai,46,Male,2024-12-03,0,Tier 1
CUST01444,Anika Chatterjee,Bengaluru,49,Male,2024-04-06,0,Tier 1
CUST01445,Kiara Bansal,Ahmedabad,43,Female,2023-01-12,0,Tier 2
CUST01446,Vivaan Agarwal,Delhi,33,Male,2023-06-05,0,Tier 1
CUST01447,Kiara Iyer,Chennai,42,Female,2024-11-14,0,Tier 1
CUST01448,Pooja Sharma,Ahmedabad,45,Male,2024-04-21,0,Tier 2
CUST01449,Saanvi Nair,Lucknow,26,Female,2024-02-05,0,Tier 2
CUST01450,Vikram Sharma,Chennai,18,Male,2025-03-18,0,Tier 1
CUST01451,Pooja Rao,Pune,46,Male,2023-06-26,0,Tier 1
CUST01452,Riya Patel,Hyderabad,39,Male,2023-12-07,0,Tier 1
CUST01453,Vivaan Chatterjee,Ahmedabad,33,Male,2023-02-26,0,Tier 2
CUST01454,Diya Patel,Hyderabad,24,Male,2025-05-04,1,Tier 1
CUST01455,Navya Verma,Mumbai,31,Male,2025-05-01,0,Tier 1
CUST01456,Kavya Patel,Jaipur,46,Male,2024-03-23,0,Tier 2
CUST01457,Kavya Kapoor,Chennai,36,Male,2023-07-22,0,Tier 1
CUST01458,Vivaan Iyer,Chennai,36,Female,2024-11-27,0,Tier 1
CUST01459,Aadhya Singh,Delhi,19,Female,2024-09-24,0,Tier 1
CUST01460,Karan Kumar,Chennai,32,Male,2025-01-07,0,Tier 1
CUST01461,Karan Chatterjee,Bengaluru,20,Female,2023-07-21,1,Tier 1
CUST01462,Diya Desai,Chennai,28,Female,2023-11-26,0,Tier 1
CUST01463,Kiara Desai,Mumbai,47,Male,2023-12-29,0,Tier 1
CUST01464,Saanvi Patel,Chennai,35,Female,2025-06-10,0,Tier 1
CUST01465,Amit Agarwal,Lucknow,19,Male,2024-03-29,0,Tier 2
CUST01466,Arjun Joshi,Mumbai,49,Male,2023-12-22,0,Tier 1
CUST01467,Vihaan Singh,Lucknow,25,Male,2023-08-04,0,Tier 2
CUST01468,Navya Desai,Bengaluru,39,Female,2024-07-08,1,Tier 1
CUST01469,Anika Kumar,Ahmedabad,23,Female,2025-06-05,0,Tier 2
CUST01470,Pooja Reddy,Kolkata,29,Male,2023-01-23,1,Tier 1
CUST01471,Vikram Sharma,Hyderabad,53,Male,2023-06-04,0,Tier 1
CUST01472,Karan Sharma,Chennai,32,Female,2023-07-05,0,Tier 1
CUST01473,Rohan Das,Ahmedabad,45,Male,2023-09-06,0,Tier 2
CUST01474,Amit Agarwal,Bengaluru,35,Male,2025-01-18,1,Tier 1
CUST01475,Aadhya Agarwal,Bengaluru,19,Female,2025-03-15,0,Tier 1
CUST01476,Saanvi Reddy,Chennai,30,Female,2023-05-14,0,Tier 1
CUST01477,Krishna Das,Kolkata,32,Female,2023-11-17,0,Tier 1
CUST01478,Diya Kumar,Kolkata,37,Female,2024-01-25,0,Tier 1
CUST01479,Ishaan Rao,Kolkata,46,Female,2024-03-09,0,Tier 1
CUST01480,Kavya Gupta,Bengaluru,46,Male,2023-01-22,0,Tier 1
CUST01481,Vivaan Chatterjee,Kolkata,20,Male,2025-05-22,0,Tier 1
CUST01482,Priya Sharma,Mumbai,36,Male,2024-08-22,0,Tier 1
CUST01483,Krishna Rao,Pune,20,Female,2024-10-26,0,Tier 1
CUST01484,Aditya Gupta,Mumbai,31,Female,2023-05-05,0,Tier 1
CUST01485,Priya Verma,Bengaluru,21,Male,2023-03-20,1,Tier 1
CUST01486,Kiara Pillai,Bengaluru,28,Female,2025-05-07,1,Tier 1
CUST01487,Amit Verma,Bengaluru,48,Male,2023-02-20,0,Tier 1
CUST01488,Krishna Verma,Chennai,49,Male,2024-12-28,0,Tier 1
CUST01489,Saanvi Das,Bengaluru,44,Female,2023-06-25,1,Tier 1
CUST01490,Krishna Agarwal,Bengaluru,47,Male,2025-05-19,0,Tier 1
CUST01491,Reyansh Verma,Delhi,19,Female,2023-09-10,0,Tier 1
CUST01492,Arjun Malhotra,Bengaluru,26,Male,2023-09-03,0,Tier 1
CUST01493,Rohan Reddy,Delhi,45,Female,2025-01-08,0,Tier 1
CUST01494,Vikram Bansal,Mumbai,48,Female,2023-04-16,0,Tier 1
CUST01495,Ananya Bansal,Hyderabad,51,Male,2023-07-12,0,Tier 1
CUST01496,Priya Mehta,Chennai,32,Female,2023-11-12,0,Tier 1
CUST01497,Krishna Iyer,Hyderabad,42,Male,2023-10-29,0,Tier 1
CUST01498,Meera Kumar,Pune,53,Male,2024-07-01,0,Tier 1
CUST01499,Amit Malhotra,Bengaluru,25,Male,2024-12-16,1,Tier 1
CUST01500,Krishna Chatterjee,Ahmedabad,26,Female,2025-02-17,1,Tier 2
CUST01501,Rohan Nair,Pune,54,Male,2023-09-25,0,Tier 1
CUST01502,Vivaan Agarwal,Pune,49,Male,2023-06-19,0,Tier 1
CUST01503,Riya Singh,Mumbai,34,Male,2024-07-04,0,Tier 1
CUST01504,Rahul Chatterjee,Bengaluru,52,Male,2024-03-30,0,Tier 1
CUST01505,Navya Kapoor,Bengaluru,54,Female,2024-10-12,0,Tier 1
CUST01506,Vivaan Joshi,Bengaluru,36,Male,2023-10-19,0,Tier 1
CUST01507,Rahul Desai,Hyderabad,46,Male,2024-07-17,0,Tier 1
CUST01508,Neha Malhotra,Pune,24,Male,2025-03-09,0,Tier 1
CUST01509,Ananya Chatterjee,Hyderabad,45,Male,2025-03-11,1,Tier 1
CUST01510,Aadhya Kumar,Kolkata,26,Female,2023-05-21,0,Tier 1
CUST01511,Rohan Desai,Kolkata,45,Male,2023-05-26,0,Tier 1
CUST01512,Sai Agarwal,Chennai,23,Other,2024-02-29,0,Tier 1
CUST01513,Myra Reddy,Lucknow,46,Male,2023-11-10,0,Tier 2
CUST01514,Sanjay Reddy,Mumbai,34,Male,2023-07-03,0,Tier 1
CUST01515,Rohan Kumar,Delhi,33,Female,2024-10-25,0,Tier 1
CUST01516,Neha Das,Mumbai,40,Male,2024-12-13,0,Tier 1
CUST01517,Kavya Verma,Hyderabad,48,Female,2023-05-08,1,Tier 1
CUST01518,Navya Chatterjee,Jaipur,20,Other,2023-10-14,0,Tier 2
CUST01519,Aadhya Agarwal,Delhi,38,Male,2025-04-02,1,Tier 1
CUST01520,Anika Kumar,Jaipur,43,Male,2023-09-10,0,Tier 2
CUST01521,Saanvi Reddy,Mumbai,53,Female,2025-02-16,1,Tier 1
CUST01522,Ishaan Rao,Jaipur,54,Male,2024-11-30,0,Tier 2
CUST01523,Ananya Patel,Bengaluru,39,Male,2024-01-21,1,Tier 1
CUST01524,Kavya Das,Mumbai,29,Male,2023-08-18,1,Tier 1
CUST01525,Sanjay Joshi,Pune,30,Male,2023-09-28,0,Tier 1
CUST01526,Aditya Agarwal,Delhi,28,Female,2025-02-09,0,Tier 1
CUST01527,Pooja Rao,Delhi,33,Male,2025-03-21,1,Tier 1
CUST01528,Vivaan Nair,Delhi,25,Male,2024-02-19,0,Tier 1
CUST01529,Saanvi Pillai,Kolkata,19,Female,2023-07-17,0,Tier 1
CUST01530,Priya Verma,Pune,47,Male,2023-11-19,0,Tier 1
CUST01531,Sanjay Patel,Bengaluru,47,Male,2023-02-25,1,Tier 1
CUST01532,Reyansh Bansal,Hyderabad,29,Female,2025-04-10,0,Tier 1
CUST01533,Pooja Agarwal,Chennai,27,Male,2023-07-22,1,Tier 1
CUST01534,Reyansh Kapoor,Delhi,28,Female,2025-02-21,0,Tier 1
CUST01535,Reyansh Mehta,Bengaluru,32,Female,2024-09-12,1,Tier 1
CUST01536,Rohan Sharma,Mumbai,33,Male,2024-09-19,0,Tier 1
CUST01537,Reyansh Rao,Delhi,34,Female,2024-08-26,1,Tier 1
CUST01538,Pooja Gupta,Chennai,43,Male,2023-05-18,0,Tier 1
CUST01539,Pooja Kapoor,Delhi,19,Male,2024-02-26,0,Tier 1
CUST01540,Kavya Reddy,Pune,29,Female,2025-03-25,1,Tier 1
CUST01541,Sneha Pillai,Chennai,43,Female,2023-02-26,1,Tier 1
CUST01542,Sneha Rao,Mumbai,40,Male,2024-07-15,0,Tier 1
CUST01543,Saanvi Reddy,Hyderabad,35,Female,2023-03-12,0,Tier 1
CUST01544,Navya Mehta,Delhi,49,Female,2024-08-16,0,Tier 1
CUST01545,Karan Iyer,Lucknow,20,Female,2024-01-07,0,Tier 2
CUST01546,Saanvi Das,Pune,20,Male,2024-09-08,0,Tier 1
CUST01547,Navya Joshi,Kolkata,47,Male,2024-08-22,0,Tier 1
CUST01548,Rohan Nair,Hyderabad,18,Male,2024-05-28,1,Tier 1
CUST01549,Diya Malhotra,Mumbai,47,Female,2025-05-21,0,Tier 1
CUST01550,Meera Kapoor,Hyderabad,49,Male,2023-03-25,1,Tier 1
CUST01551,Kiara Gupta,Lucknow,45,Female,2023-02-12,0,Tier 2
CUST01552,Neha Kapoor,Hyderabad,38,Male,2024-10-27,0,Tier 1
CUST01553,Karan Mehta,Kolkata,30,Male,2025-04-18,0,Tier 1
CUST01554,Kavya Rao,Jaipur,44,Male,2024-08-28,0,Tier 2
CUST01555,Diya Mehta,Delhi,53,Other,2025-03-20,0,Tier 1
CUST01556,Aadhya Verma,Delhi,24,Male,2023-05-13,0,Tier 1
CUST01557,Riya Reddy,Hyderabad,39,Female,2024-01-30,1,Tier 1
CUST01558,Pooja Kumar,Bengaluru,27,Male,2023-03-06,0,Tier 1
CUST01559,Aarav Nair,Ahmedabad,32,Male,2023-10-17,0,Tier 2
CUST01560,Navya Bansal,Jaipur,32,Male,2024-01-11,0,Tier 2
CUST01561,Riya Chatterjee,Bengaluru,21,Male,2025-02-07,1,Tier 1
CUST01562,Rohan Kumar,Delhi,49,Male,2024-04-11,1,Tier 1
CUST01563,Reyansh Mehta,Kolkata,40,Male,2025-06-16,1,Tier 1
CUST01564,Krishna Desai,Delhi,23,Male,2023-08-01,1,Tier 1
CUST01565,Riya Reddy,Ahmedabad,41,Male,2023-05-28,0,Tier 2
CUST01566,Myra Agarwal,Bengaluru,37,Female,2024-07-26,0,Tier 1
CUST01567,Rahul Mehta,Chennai,54,Female,2024-04-15,0,Tier 1
CUST01568,Ishaan Kapoor,Mumbai,37,Male,2023-05-29,0,Tier 1
CUST01569,Pooja Kapoor,Hyderabad,29,Female,2023-03-29,0,Tier 1
CUST01570,Kiara Singh,Pune,50,Female,2023-11-20,1,Tier 1
CUST01571,Pooja Joshi,Hyderabad,45,Male,2025-06-13,0,Tier 1
CUST01572,Sai Kumar,Delhi,25,Female,2024-01-31,0,Tier 1
CUST01573,Pooja Agarwal,Chennai,18,Female,2025-02-28,1,Tier 1
CUST01574,Myra Singh,Ahmedabad,54,Male,2024-02-08,0,Tier 2
CUST01575,Kavya Agarwal,Delhi,39,Male,2023-03-23,0,Tier 1
CUST01576,Rahul Verma,Mumbai,23,Female,2024-10-02,1,Tier 1
CUST01577,Anika Verma,Mumbai,38,Female,2023-10-13,1,Tier 1
CUST01578,Vikram Patel,Hyderabad,49,Male,2024-01-17,0,Tier 1
CUST01579,Vikram Verma,Hyderabad,52,Male,2025-05-14,1,Tier 1
CUST01580,Karan Sharma,Pune,32,Male,2025-03-02,0,Tier 1
CUST01581,Aadhya Kumar,Delhi,22,Female,2023-09-27,1,Tier 1
CUST01582,Vikram Reddy,Bengaluru,23,Female,2023-10-19,0,Tier 1
CUST01583,Aditya Kumar,Hyderabad,42,Other,2024-03-28,0,Tier 1
CUST01584,Aarav Rao,Pune,46,Male,2024-12-15,0,Tier 1
CUST01585,Anika Das,Lucknow,24,Female,2023-01-24,0,Tier 2
CUST01586,Diya Verma,Mumbai,30,Female,2025-05-12,0,Tier 1
CUST01587,Priya Pillai,Chennai,35,Male,2023-11-07,0,Tier 1
CUST01588,Kavya Kapoor,Bengaluru,19,Male,2024-04-05,0,Tier 1
CUST01589,Amit Kapoor,Bengaluru,25,Female,2023-07-27,1,Tier 1
CUST01590,Aarav Sharma,Chennai,28,Female,2025-03-02,1,Tier 1
CUST01591,Navya Agarwal,Chennai,50,Male,2024-12-17,0,Tier 1
CUST01592,Aadhya Sharma,Lucknow,44,Female,2024-10-25,0,Tier 2
CUST01593,Aarav Malhotra,Mumbai,37,Male,2024-03-13,0,Tier 1
CUST01594,Pooja Nair,Mumbai,29,Female,2024-06-21,0,Tier 1
CUST01595,Navya Iyer,Chennai,48,Female,2024-12-06,0,Tier 1
CUST01596,Aarav Malhotra,Hyderabad,44,Male,2023-12-02,0,Tier 1
CUST01597,Vikram Chatterjee,Delhi,49,Other,2024-02-26,0,Tier 1
CUST01598,Neha Singh,Mumbai,27,Female,2025-01-19,1,Tier 1
CUST01599,Vihaan Gupta,Mumbai,20,Male,2023-11-17,0,Tier 1
CUST01600,Anika Kumar,Jaipur,44,Female,2024-05-11,0,Tier 2
CUST01601,Krishna Rao,Delhi,52,Male,2024-08-09,0,Tier 1
CUST01602,Priya Malhotra,Bengaluru,48,Male,2023-06-12,0,Tier 1
CUST01603,Ishaan Joshi,Delhi,32,Male,2025-03-21,0,Tier 1
CUST01604,Ishaan Desai,Bengaluru,33,Male,2024-06-24,0,Tier 1
CUST01605,Aditya Joshi,Mumbai,30,Female,2023-06-14,1,Tier 1
CUST01606,Saanvi Das,Pune,52,Male,2025-04-28,1,Tier 1
CUST01607,Riya Reddy,Mumbai,28,Female,2024-11-28,0,Tier 1
CUST01608,Sneha Reddy,Kolkata,38,Female,2024-07-19,0,Tier 1
CUST01609,Rohan Patel,Delhi,28,Male,2023-10-22,1,Tier 1
CUST01610,Rahul Verma,Pune,47,Female,2023-02-11,0,Tier 1
CUST01611,Aditya Desai,Jaipur,52,Male,2023-10-12,1,Tier 2
CUST01612,Saanvi Desai,Chennai,39,Male,2024-01-22,0,Tier 1
CUST01613,Navya Kapoor,Pune,48,Male,2023-05-18,0,Tier 1
CUST01614,Vivaan Sharma,Bengaluru,31,Male,2023-07-06,0,Tier 1
CUST01615,Sneha Singh,Bengaluru,41,Male,2024-12-16,1,Tier 1
CUST01616,Aditya Kapoor,Chennai,49,Female,2024-03-06,0,Tier 1
CUST01617,Sanjay Chatterjee,Lucknow,53,Male,2024-07-07,0,Tier 2
CUST01618,Rahul Mehta,Chennai,49,Male,2025-05-11,0,Tier 1
CUST01619,Riya Gupta,Hyderabad,32,Female,2024-02-20,0,Tier 1
CUST01620,Meera Malhotra,Chennai,52,Female,2025-03-10,0,Tier 1
CUST01621,Kavya Verma,Pune,20,Female,2024-03-01,0,Tier 1
CUST01622,Krishna Rao,Mumbai,33,Male,2024-02-20,1,Tier 1
CUST01623,Meera Bansal,Hyderabad,22,Female,2023-01-26,0,Tier 1
CUST01624,Myra Nair,Lucknow,38,Female,2024-01-06,0,Tier 2
CUST01625,Vivaan Patel,Delhi,27,Female,2024-01-20,0,Tier 1
CUST01626,Amit Nair,Chennai,36,Female,2023-02-25,1,Tier 1
CUST01627,Meera Agarwal,Delhi,42,Male,2023-09-10,1,Tier 1
CUST01628,Riya Verma,Pune,21,Male,2024-09-25,0,Tier 1
CUST01629,Sai Mehta,Mumbai,46,Male,2023-04-16,0,Tier 1
CUST01630,Aarav Rao,Pune,36,Male,2023-05-10,0,Tier 1
CUST01631,Riya Kumar,Kolkata,19,Female,2025-04-28,0,Tier 1
CUST01632,Karan Desai,Bengaluru,27,Male,2024-10-31,0,Tier 1
CUST01633,Kavya Patel,Chennai,42,Female,2024-01-11,1,Tier 1
CUST01634,Rohan Singh,Kolkata,37,Female,2025-01-12,0,Tier 1
CUST01635,Riya Reddy,Jaipur,36,Male,2023-11-04,0,Tier 2
CUST01636,Riya Desai,Delhi,40,Male,2023-04-01,0,Tier 1
CUST01637,Amit Agarwal,Bengaluru,41,Female,2024-01-28,0,Tier 1
CUST01638,Ananya Desai,Mumbai,28,Female,2024-06-17,0,Tier 1
CUST01639,Karan Kumar,Lucknow,51,Male,2025-03-12,0,Tier 2
CUST01640,Neha Patel,Jaipur,45,Male,2023-04-20,1,Tier 2
CUST01641,Anika Joshi,Pune,22,Male,2024-07-14,0,Tier 1
CUST01642,Vivaan Gupta,Ahmedabad,22,Female,2024-10-02,0,Tier 2
CUST01643,Aadhya Reddy,Pune,38,Male,2024-08-07,0,Tier 1
CUST01644,Vikram Patel,Hyderabad,29,Female,2023-12-06,1,Tier 1
CUST01645,Ananya Pillai,Mumbai,21,Male,2024-07-18,1,Tier 1
CUST01646,Karan Pillai,Kolkata,37,Male,2023-12-22,0,Tier 1
CUST01647,Priya Desai,Mumbai,42,Male,2025-06-10,0,Tier 1
CUST01648,Karan Mehta,Ahmedabad,31,Male,2023-06-17,0,Tier 2
CUST01649,Aarav Nair,Kolkata,28,Male,2024-07-10,0,Tier 1
CUST01650,Neha Das,Chennai,49,Male,2024-03-27,1,Tier 1
CUST01651,Myra Reddy,Mumbai,28,Male,2023-04-15,0,Tier 1
CUST01652,Diya Agarwal,Delhi,35,Male,2023-05-30,0,Tier 1
CUST01653,Saanvi Chatterjee,Delhi,44,Male,2023-05-26,0,Tier 1
CUST01654,Sai Bansal,Bengaluru,35,Female,2024-12-16,0,Tier 1
CUST01655,Amit Desai,Mumbai,40,Male,2025-05-23,0,Tier 1
CUST01656,Aditya Pillai,Jaipur,28,Male,2023-10-26,0,Tier 2
CUST01657,Rohan Reddy,Hyderabad,38,Female,2023-06-16,1,Tier 1
CUST01658,Sneha Patel,Delhi,22,Other,2024-12-13,0,Tier 1
CUST01659,Aditya Nair,Bengaluru,40,Male,2024-10-07,0,Tier 1
CUST01660,Arjun Desai,Bengaluru,42,Female,2024-12-23,1,Tier 1
CUST01661,Sneha Kumar,Hyderabad,27,Female,2023-02-17,0,Tier 1
CUST01662,Pooja Desai,Pune,39,Female,2024-09-29,0,Tier 1
CUST01663,Ananya Joshi,Jaipur,36,Male,2023-08-27,1,Tier 2
CUST01664,Vihaan Patel,Pune,18,Female,2023-01-07,1,Tier 1
CUST01665,Aarav Iyer,Lucknow,24,Male,2024-04-08,0,Tier 2
CUST01666,Kiara Joshi,Ahmedabad,21,Female,2024-03-28,0,Tier 2
CUST01667,Karan Nair,Delhi,18,Female,2025-02-22,1,Tier 1
CUST01668,Vihaan Kumar,Jaipur,32,Male,2025-06-15,0,Tier 2
CUST01669,Aditya Singh,Mumbai,29,Female,2024-01-06,0,Tier 1
CUST01670,Aadhya Das,Kolkata,39,Male,2024-07-02,0,Tier 1
CUST01671,Navya Agarwal,Bengaluru,39,Female,2024-05-01,1,Tier 1
CUST01672,Anika Chatterjee,Ahmedabad,34,Male,2023-07-30,1,Tier 2
CUST01673,Vihaan Sharma,Ahmedabad,46,Male,2023-06-14,0,Tier 2
CUST01674,Aditya Joshi,Kolkata,31,Male,2023-05-05,1,Tier 1
CUST01675,Navya Patel,Kolkata,37,Female,2023-12-03,1,Tier 1
CUST01676,Priya Pillai,Delhi,50,Male,2023-07-11,0,Tier 1
CUST01677,Neha Mehta,Mumbai,32,Male,2024-12-30,1,Tier 1
CUST01678,Sanjay Desai,Bengaluru,29,Male,2023-08-02,0,Tier 1
CUST01679,Aarav Iyer,Delhi,37,Female,2024-07-27,0,Tier 1
CUST01680,Aadhya Desai,Chennai,47,Female,2023-11-24,0,Tier 1
CUST01681,Karan Patel,Bengaluru,20,Male,2024-01-16,0,Tier 1
CUST01682,Pooja Agarwal,Lucknow,45,Male,2024-11-03,1,Tier 2
CUST01683,Meera Reddy,Hyderabad,43,Male,2024-07-31,0,Tier 1
CUST01684,Riya Malhotra,Ahmedabad,47,Male,2025-03-08,0,Tier 2
CUST01685,Sai Desai,Mumbai,30,Male,2023-08-27,0,Tier 1
CUST01686,Sai Kumar,Ahmedabad,30,Female,2024-06-15,1,Tier 2
CUST01687,Ishaan Iyer,Jaipur,19,Male,2024-11-30,0,Tier 2
CUST01688,Ishaan Kapoor,Pune,54,Male,2023-03-23,1,Tier 1
CUST01689,Arjun Patel,Hyderabad,19,Male,2023-12-29,0,Tier 1
CUST01690,Sai Chatterjee,Kolkata,53,Female,2024-05-19,0,Tier 1
CUST01691,Ishaan Chatterjee,Delhi,43,Female,2023-07-21,1,Tier 1
CUST01692,Rohan Kapoor,Pune,28,Female,2024-05-18,0,Tier 1
CUST01693,Neha Patel,Bengaluru,25,Male,2024-10-05,0,Tier 1
CUST01694,Diya Nair,Mumbai,39,Male,2023-02-06,0,Tier 1
CUST01695,Krishna Kapoor,Bengaluru,37,Male,2024-10-05,0,Tier 1
CUST01696,Priya Pillai,Mumbai,25,Male,2024-08-11,0,Tier 1
CUST01697,Reyansh Das,Mumbai,46,Male,2024-08-23,0,Tier 1
CUST01698,Vihaan Kumar,Mumbai,43,Female,2024-02-06,1,Tier 1
CUST01699,Rohan Sharma,Lucknow,47,Female,2025-02-03,0,Tier 2
CUST01700,Saanvi Mehta,Pune,34,Female,2025-05-05,1,Tier 1
CUST01701,Vikram Pillai,Lucknow,37,Male,2024-12-06,0,Tier 2
CUST01702,Saanvi Mehta,Bengaluru,33,Female,2023-06-25,0,Tier 1
CUST01703,Kiara Mehta,Bengaluru,24,Male,2024-06-28,0,Tier 1
CUST01704,Aadhya Pillai,Pune,33,Male,2024-07-23,0,Tier 1
CUST01705,Arjun Iyer,Bengaluru,44,Female,2024-04-11,0,Tier 1
CUST01706,Ananya Pillai,Mumbai,40,Male,2023-07-20,0,Tier 1
CUST01707,Sneha Rao,Hyderabad,41,Male,2024-06-23,0,Tier 1
CUST01708,Myra Mehta,Delhi,26,Male,2024-06-30,0,Tier 1
CUST01709,Sai Desai,Hyderabad,52,Female,2024-09-28,0,Tier 1
CUST01710,Ananya Iyer,Chennai,37,Female,2024-01-29,0,Tier 1
CUST01711,Pooja Kapoor,Mumbai,54,Male,2025-04-12,1,Tier 1
CUST01712,Riya Reddy,Mumbai,34,Female,2023-02-11,0,Tier 1
CUST01713,Ananya Desai,Kolkata,48,Male,2024-08-19,0,Tier 1
CUST01714,Ishaan Desai,Pune,25,Male,2024-01-28,0,Tier 1
CUST01715,Diya Gupta,Mumbai,32,Female,2024-11-30,0,Tier 1
CUST01716,Kavya Bansal,Lucknow,48,Female,2024-09-14,0,Tier 2
CUST01717,Reyansh Bansal,Mumbai,47,Other,2025-02-21,0,Tier 1
CUST01718,Navya Singh,Chennai,37,Male,2024-03-16,0,Tier 1
CUST01719,Amit Agarwal,Lucknow,29,Female,2025-04-16,1,Tier 2
CUST01720,Aarav Das,Delhi,34,Female,2024-09-08,0,Tier 1
CUST01721,Sneha Rao,Mumbai,47,Female,2024-05-20,0,Tier 1
CUST01722,Kiara Iyer,Mumbai,46,Male,2023-11-16,1,Tier 1
CUST01723,Vikram Patel,Delhi,36,Female,2024-07-06,0,Tier 1
CUST01724,Vikram Chatterjee,Mumbai,28,Female,2023-08-03,0,Tier 1
CUST01725,Amit Kapoor,Chennai,51,Male,2023-03-12,0,Tier 1
CUST01726,Arjun Iyer,Mumbai,24,Male,2024-07-21,0,Tier 1
CUST01727,Krishna Nair,Pune,51,Male,2023-08-24,0,Tier 1
CUST01728,Amit Kumar,Lucknow,37,Female,2023-10-08,0,Tier 2
CUST01729,Sneha Chatterjee,Kolkata,41,Female,2024-09-08,0,Tier 1
CUST01730,Neha Desai,Hyderabad,27,Female,2025-06-05,0,Tier 1
CUST01731,Aditya Das,Delhi,49,Female,2023-06-11,0,Tier 1
CUST01732,Priya Kapoor,Hyderabad,32,Male,2023-07-10,0,Tier 1
CUST01733,Riya Desai,Pune,54,Male,2023-01-09,0,Tier 1
CUST01734,Navya Malhotra,Bengaluru,37,Male,2023-03-01,0,Tier 1
CUST01735,Kavya Chatterjee,Mumbai,20,Male,2025-06-11,0,Tier 1
CUST01736,Navya Verma,Jaipur,54,Male,2025-03-27,0,Tier 2
CUST01737,Neha Joshi,Bengaluru,25,Male,2023-08-13,0,Tier 1
CUST01738,Sneha Agarwal,Delhi,40,Male,2025-03-29,0,Tier 1
CUST01739,Priya Patel,Bengaluru,28,Male,2024-11-30,0,Tier 1
CUST01740,Vihaan Reddy,Bengaluru,25,Male,2024-08-04,0,Tier 1
CUST01741,Amit Joshi,Ahmedabad,46,Male,2025-03-15,0,Tier 2
CUST01742,Sai Pillai,Chennai,47,Male,2023-10-14,0,Tier 1
CUST01743,Vivaan Bansal,Kolkata,27,Female,2023-06-18,0,Tier 1
CUST01744,Rahul Desai,Mumbai,45,Female,2023-03-03,0,Tier 1
CUST01745,Karan Mehta,Bengaluru,53,Female,2023-12-15,1,Tier 1
CUST01746,Neha Chatterjee,Pune,30,Male,2024-03-17,0,Tier 1
CUST01747,Vihaan Sharma,Mumbai,49,Female,2023-01-14,0,Tier 1
CUST01748,Vihaan Nair,Delhi,53,Female,2023-06-13,0,Tier 1
CUST01749,Krishna Malhotra,Kolkata,54,Female,2024-02-24,0,Tier 1
CUST01750,Pooja Malhotra,Mumbai,43,Male,2025-01-26,0,Tier 1
CUST01751,Navya Bansal,Pune,39,Female,2025-04-26,0,Tier 1
CUST01752,Sneha Bansal,Delhi,21,Female,2024-06-03,0,Tier 1
CUST01753,Krishna Das,Mumbai,48,Female,2024-10-27,1,Tier 1
CUST01754,Diya Desai,Delhi,35,Female,2024-07-01,0,Tier 1
CUST01755,Kiara Bansal,Lucknow,41,Male,2024-07-13,0,Tier 2
CUST01756,Sneha Malhotra,Kolkata,40,Male,2024-08-19,0,Tier 1
CUST01757,Arjun Joshi,Lucknow,39,Male,2023-01-28,1,Tier 2
CUST01758,Aarav Kapoor,Pune,19,Female,2024-12-08,1,Tier 1
CUST01759,Vihaan Iyer,Mumbai,48,Male,2024-03-21,0,Tier 1
CUST01760,Aadhya Patel,Pune,28,Male,2023-07-27,1,Tier 1
CUST01761,Vihaan Kumar,Pune,45,Male,2024-04-14,1,Tier 1
CUST01762,Diya Iyer,Ahmedabad,49,Female,2024-12-16,1,Tier 2
CUST01763,Ananya Das,Mumbai,22,Male,2025-03-29,0,Tier 1
CUST01764,Neha Rao,Pune,27,Female,2023-04-14,0,Tier 1
CUST01765,Anika Kapoor,Mumbai,41,Female,2025-01-11,1,Tier 1
CUST01766,Diya Kapoor,Bengaluru,52,Male,2024-03-01,1,Tier 1
CUST01767,Vihaan Das,Chennai,40,Male,2023-04-11,0,Tier 1
CUST01768,Pooja Das,Pune,34,Male,2024-06-24,0,Tier 1
CUST01769,Ananya Patel,Bengaluru,18,Female,2024-09-30,1,Tier 1
CUST01770,Rohan Verma,Bengaluru,48,Male,2025-04-29,0,Tier 1
CUST01771,Neha Gupta,Pune,48,Male,2024-06-05,0,Tier 1
CUST01772,Aarav Mehta,Kolkata,51,Male,2023-04-16,0,Tier 1
CUST01773,Rahul Gupta,Jaipur,26,Female,2024-11-09,0,Tier 2
CUST01774,Amit Singh,Lucknow,39,Female,2025-02-07,0,Tier 2
CUST01775,Kavya Reddy,Kolkata,30,Female,2025-03-17,0,Tier 1
CUST01776,Anika Singh,Bengaluru,42,Female,2023-10-04,0,Tier 1
CUST01777,Navya Singh,Chennai,35,Male,2023-03-06,0,Tier 1
CUST01778,Ananya Agarwal,Bengaluru,29,Male,2025-02-21,0,Tier 1
CUST01779,Aadhya Das,Delhi,34,Male,2025-06-18,0,Tier 1
CUST01780,Krishna Desai,Ahmedabad,32,Male,2023-07-07,0,Tier 2
CUST01781,Rahul Singh,Mumbai,32,Male,2023-11-13,0,Tier 1
CUST01782,Sai Chatterjee,Jaipur,32,Male,2023-05-18,1,Tier 2
CUST01783,Saanvi Sharma,Pune,30,Male,2023-12-09,0,Tier 1
CUST01784,Pooja Pillai,Hyderabad,34,Female,2023-04-15,1,Tier 1
CUST01785,Meera Rao,Chennai,49,Female,2024-06-29,0,Tier 1
CUST01786,Kiara Bansal,Jaipur,26,Female,2024-01-15,1,Tier 2
CUST01787,Aadhya Desai,Hyderabad,37,Female,2023-04-20,0,Tier 1
CUST01788,Aarav Rao,Hyderabad,43,Male,2024-06-28,1,Tier 1
CUST01789,Reyansh Nair,Mumbai,44,Female,2023-12-20,0,Tier 1
CUST01790,Karan Patel,Pune,38,Male,2025-01-12,0,Tier 1
CUST01791,Riya Gupta,Mumbai,35,Female,2023-11-13,0,Tier 1
CUST01792,Neha Agarwal,Chennai,30,Male,2023-09-23,0,Tier 1
CUST01793,Sai Joshi,Pune,33,Other,2024-11-24,0,Tier 1
CUST01794,Ananya Rao,Chennai,26,Male,2025-05-01,0,Tier 1
CUST01795,Kiara Gupta,Mumbai,29,Male,2023-03-06,0,Tier 1
CUST01796,Ishaan Kapoor,Mumbai,36,Female,2023-11-29,0,Tier 1
CUST01797,Anika Mehta,Chennai,24,Male,2024-05-27,0,Tier 1
CUST01798,Priya Desai,Mumbai,52,Female,2023-05-13,0,Tier 1
CUST01799,Priya Desai,Mumbai,35,Female,2024-08-14,0,Tier 1
CUST01800,Riya Gupta,Mumbai,33,Female,2025-02-21,1,Tier 1
CUST01801,Diya Joshi,Lucknow,21,Female,2025-01-22,0,Tier 2
CUST01802,Sanjay Das,Chennai,42,Female,2024-06-23,0,Tier 1
CUST01803,Priya Singh,Bengaluru,49,Male,2025-01-04,0,Tier 1
CUST01804,Vikram Iyer,Delhi,30,Female,2024-06-18,0,Tier 1
CUST01805,Kavya Pillai,Bengaluru,34,Female,2024-05-10,0,Tier 1
CUST01806,Riya Patel,Kolkata,54,Female,2024-09-12,0,Tier 1
CUST01807,Amit Kumar,Chennai,23,Male,2024-09-10,1,Tier 1
CUST01808,Ananya Gupta,Delhi,36,Female,2024-10-18,1,Tier 1
CUST01809,Krishna Iyer,Delhi,30,Other,2024-01-04,1,Tier 1
CUST01810,Vihaan Singh,Mumbai,43,Female,2025-05-15,0,Tier 1
CUST01811,Diya Kumar,Chennai,31,Male,2024-10-12,0,Tier 1
CUST01812,Anika Desai,Kolkata,48,Male,2025-03-06,0,Tier 1
CUST01813,Aadhya Pillai,Delhi,21,Male,2025-03-20,0,Tier 1
CUST01814,Arjun Bansal,Mumbai,25,Female,2023-04-09,0,Tier 1
CUST01815,Saanvi Chatterjee,Mumbai,42,Female,2023-11-13,0,Tier 1
CUST01816,Sai Kapoor,Lucknow,30,Male,2023-05-03,0,Tier 2
CUST01817,Rahul Agarwal,Delhi,49,Male,2023-11-16,0,Tier 1
CUST01818,Sneha Singh,Kolkata,45,Male,2025-03-09,0,Tier 1
CUST01819,Navya Singh,Hyderabad,47,Male,2024-08-15,1,Tier 1
CUST01820,Myra Iyer,Bengaluru,20,Female,2024-05-09,0,Tier 1
CUST01821,Arjun Singh,Delhi,45,Female,2024-04-01,0,Tier 1
CUST01822,Ananya Das,Mumbai,20,Male,2024-06-05,1,Tier 1
CUST01823,Priya Verma,Hyderabad,51,Male,2024-06-03,0,Tier 1
CUST01824,Sanjay Joshi,Kolkata,33,Male,2024-12-17,0,Tier 1
CUST01825,Aarav Kapoor,Hyderabad,39,Female,2023-11-11,0,Tier 1
CUST01826,Arjun Rao,Pune,49,Male,2024-12-09,0,Tier 1
CUST01827,Vikram Desai,Mumbai,25,Male,2024-12-10,0,Tier 1
CUST01828,Navya Malhotra,Lucknow,25,Male,2024-06-25,0,Tier 2
CUST01829,Rahul Kapoor,Kolkata,23,Female,2024-04-23,1,Tier 1
CUST01830,Aadhya Kapoor,Delhi,31,Female,2023-01-20,0,Tier 1
CUST01831,Aadhya Das,Lucknow,49,Female,2024-07-13,0,Tier 2
CUST01832,Myra Singh,Hyderabad,52,Male,2023-05-10,1,Tier 1
CUST01833,Aditya Bansal,Hyderabad,27,Male,2023-10-20,0,Tier 1
CUST01834,Aarav Reddy,Kolkata,20,Male,2025-06-15,1,Tier 1
CUST01835,Rohan Verma,Kolkata,29,Female,2023-05-12,0,Tier 1
CUST01836,Ishaan Reddy,Chennai,48,Male,2023-12-22,1,Tier 1
CUST01837,Navya Iyer,Mumbai,46,Female,2023-02-23,0,Tier 1
CUST01838,Sai Das,Bengaluru,22,Female,2025-06-08,0,Tier 1
CUST01839,Riya Kapoor,Jaipur,42,Female,2025-03-03,0,Tier 2
CUST01840,Navya Malhotra,Delhi,48,Male,2024-01-22,0,Tier 1
CUST01841,Vihaan Bansal,Bengaluru,38,Male,2023-09-22,0,Tier 1
CUST01842,Vihaan Nair,Bengaluru,37,Male,2023-08-03,0,Tier 1
CUST01843,Karan Agarwal,Bengaluru,39,Female,2024-04-04,1,Tier 1
CUST01844,Vikram Joshi,Hyderabad,21,Female,2024-04-02,0,Tier 1
CUST01845,Navya Verma,Lucknow,30,Male,2025-03-12,0,Tier 2
CUST01846,Karan Das,Delhi,37,Male,2023-02-12,0,Tier 1
CUST01847,Navya Rao,Mumbai,30,Female,2024-08-08,1,Tier 1
CUST01848,Aadhya Gupta,Delhi,34,Female,2025-05-11,0,Tier 1
CUST01849,Pooja Reddy,Jaipur,53,Male,2023-10-05,0,Tier 2
CUST01850,Rohan Verma,Hyderabad,50,Female,2025-04-17,0,Tier 1
CUST01851,Kiara Nair,Delhi,18,Male,2025-01-23,0,Tier 1
CUST01852,Diya Patel,Kolkata,32,Male,2023-05-10,1,Tier 1
CUST01853,Kiara Gupta,Ahmedabad,30,Female,2023-12-16,0,Tier 2
CUST01854,Karan Reddy,Ahmedabad,34,Female,2024-12-06,1,Tier 2
CUST01855,Reyansh Bansal,Jaipur,41,Female,2024-06-27,1,Tier 2
CUST01856,Sneha Joshi,Delhi,25,Male,2023-04-16,0,Tier 1
CUST01857,Sanjay Pillai,Kolkata,44,Female,2024-12-16,1,Tier 1
CUST01858,Rahul Chatterjee,Pune,40,Male,2023-01-01,1,Tier 1
CUST01859,Sai Pillai,Ahmedabad,25,Male,2025-01-26,1,Tier 2
CUST01860,Arjun Rao,Chennai,25,Female,2024-08-06,0,Tier 1
CUST01861,Vikram Rao,Kolkata,43,Male,2024-03-07,0,Tier 1
CUST01862,Neha Verma,Chennai,30,Female,2023-11-02,0,Tier 1
CUST01863,Riya Joshi,Delhi,54,Female,2024-06-10,0,Tier 1
CUST01864,Navya Nair,Pune,45,Male,2023-02-22,1,Tier 1
CUST01865,Priya Agarwal,Lucknow,42,Male,2024-06-03,0,Tier 2
CUST01866,Sai Mehta,Jaipur,33,Male,2023-11-26,0,Tier 2
CUST01867,Sneha Iyer,Mumbai,19,Male,2024-07-11,0,Tier 1
CUST01868,Rohan Bansal,Delhi,35,Female,2023-11-21,1,Tier 1
CUST01869,Ishaan Malhotra,Mumbai,34,Female,2023-04-24,1,Tier 1
CUST01870,Meera Gupta,Chennai,47,Male,2023-05-27,0,Tier 1
CUST01871,Arjun Chatterjee,Kolkata,30,Male,2023-06-15,0,Tier 1
CUST01872,Kavya Verma,Delhi,49,Female,2024-01-14,0,Tier 1
CUST01873,Ishaan Kumar,Pune,46,Female,2023-05-19,0,Tier 1
CUST01874,Sneha Kumar,Ahmedabad,47,Male,2024-09-20,1,Tier 2
CUST01875,Krishna Kumar,Chennai,35,Male,2023-10-26,0,Tier 1
CUST01876,Sneha Mehta,Pune,30,Female,2023-10-03,0,Tier 1
CUST01877,Vikram Reddy,Hyderabad,38,Male,2025-02-27,1,Tier 1
CUST01878,Karan Desai,Pune,47,Male,2025-04-29,1,Tier 1
CUST01879,Myra Kumar,Delhi,38,Female,2025-04-04,1,Tier 1
CUST01880,Riya Nair,Hyderabad,34,Female,2023-06-27,1,Tier 1
CUST01881,Rahul Chatterjee,Chennai,36,Female,2025-04-21,0,Tier 1
CUST01882,Saanvi Das,Ahmedabad,32,Female,2023-12-20,0,Tier 2
CUST01883,Aditya Patel,Hyderabad,26,Female,2023-06-03,0,Tier 1
CUST01884,Saanvi Malhotra,Kolkata,27,Male,2023-07-20,0,Tier 1
CUST01885,Pooja Nair,Delhi,48,Male,2025-05-27,0,Tier 1
CUST01886,Sneha Joshi,Pune,40,Male,2023-04-25,0,Tier 1
CUST01887,Kiara Kapoor,Mumbai,47,Male,2024-11-01,1,Tier 1
CUST01888,Ananya Bansal,Delhi,50,Female,2024-07-07,0,Tier 1
CUST01889,Aarav Patel,Chennai,26,Female,2025-01-28,0,Tier 1
CUST01890,Pooja Das,Lucknow,18,Female,2023-03-09,1,Tier 2
CUST01891,Rahul Joshi,Mumbai,52,Female,2024-03-20,0,Tier 1
CUST01892,Sanjay Patel,Bengaluru,28,Male,2024-03-20,0,Tier 1
CUST01893,Neha Agarwal,Kolkata,51,Male,2023-11-22,0,Tier 1
CUST01894,Saanvi Rao,Delhi,33,Female,2025-04-25,1,Tier 1
CUST01895,Aadhya Rao,Hyderabad,26,Female,2024-12-08,0,Tier 1
CUST01896,Myra Nair,Chennai,49,Female,2024-08-24,0,Tier 1
CUST01897,Ananya Iyer,Hyderabad,32,Female,2024-09-14,0,Tier 1
CUST01898,Ananya Agarwal,Delhi,29,Female,2025-05-29,1,Tier 1
CUST01899,Riya Kumar,Bengaluru,50,Female,2023-12-25,0,Tier 1
CUST01900,Riya Kapoor,Kolkata,31,Male,2023-05-25,1,Tier 1
CUST01901,Neha Mehta,Hyderabad,25,Female,2023-10-02,0,Tier 1
CUST01902,Meera Verma,Mumbai,25,Female,2024-05-23,0,Tier 1
CUST01903,Vivaan Gupta,Kolkata,44,Male,2023-06-28,1,Tier 1
CUST01904,Rahul Das,Mumbai,29,Female,2025-01-22,1,Tier 1
CUST01905,Aarav Gupta,Kolkata,18,Male,2025-04-17,0,Tier 1
CUST01906,Kavya Singh,Delhi,28,Female,2025-04-10,0,Tier 1
CUST01907,Kiara Das,Lucknow,48,Male,2024-04-21,1,Tier 2
CUST01908,Aarav Chatterjee,Bengaluru,34,Female,2025-04-22,0,Tier 1
CUST01909,Reyansh Kumar,Bengaluru,50,Male,2024-02-18,0,Tier 1
CUST01910,Meera Iyer,Mumbai,49,Female,2023-06-02,0,Tier 1
CUST01911,Sai Nair,Delhi,46,Male,2023-04-14,1,Tier 1
CUST01912,Aditya Joshi,Ahmedabad,38,Male,2023-03-16,0,Tier 2
CUST01913,Ishaan Patel,Lucknow,38,Male,2023-05-08,0,Tier 2
CUST01914,Diya Singh,Bengaluru,40,Female,2024-12-11,0,Tier 1
CUST01915,Vivaan Desai,Bengaluru,23,Male,2024-10-27,0,Tier 1
CUST01916,Rahul Iyer,Chennai,39,Male,2024-07-21,1,Tier 1
CUST01917,Pooja Reddy,Jaipur,54,Female,2025-02-28,0,Tier 2
CUST01918,Aadhya Patel,Hyderabad,25,Male,2023-12-11,0,Tier 1
CUST01919,Sneha Gupta,Bengaluru,52,Female,2024-06-14,0,Tier 1
CUST01920,Aarav Rao,Bengaluru,28,Male,2023-06-08,0,Tier 1
CUST01921,Myra Patel,Chennai,41,Female,2024-06-21,0,Tier 1
CUST01922,Arjun Bansal,Mumbai,38,Male,2024-03-01,1,Tier 1
CUST01923,Krishna Malhotra,Hyderabad,19,Male,2024-11-11,0,Tier 1
CUST01924,Amit Das,Bengaluru,36,Female,2023-01-23,1,Tier 1
CUST01925,Aarav Sharma,Kolkata,45,Female,2023-02-16,0,Tier 1
CUST01926,Sneha Mehta,Mumbai,34,Female,2024-06-08,0,Tier 1
CUST01927,Vikram Gupta,Hyderabad,23,Male,2024-12-29,0,Tier 1
CUST01928,Sanjay Chatterjee,Pune,36,Male,2025-04-13,0,Tier 1
CUST01929,Sneha Kumar,Hyderabad,45,Male,2024-12-06,0,Tier 1
CUST01930,Myra Patel,Mumbai,19,Other,2023-05-24,0,Tier 1
CUST01931,Krishna Desai,Hyderabad,54,Male,2024-08-07,0,Tier 1
CUST01932,Aditya Gupta,Hyderabad,21,Male,2024-10-29,0,Tier 1
CUST01933,Vihaan Mehta,Hyderabad,39,Male,2024-08-11,0,Tier 1
CUST01934,Diya Iyer,Hyderabad,43,Female,2024-02-23,1,Tier 1
CUST01935,Arjun Desai,Chennai,53,Male,2024-11-11,1,Tier 1
CUST01936,Karan Kumar,Kolkata,30,Female,2025-03-09,1,Tier 1
CUST01937,Rahul Kumar,Delhi,49,Male,2023-03-26,1,Tier 1
CUST01938,Aditya Malhotra,Ahmedabad,34,Female,2024-02-20,0,Tier 2
CUST01939,Riya Sharma,Pune,53,Male,2024-11-24,0,Tier 1
CUST01940,Priya Singh,Mumbai,36,Female,2024-04-26,0,Tier 1
CUST01941,Kiara Joshi,Mumbai,52,Female,2024-03-31,1,Tier 1
CUST01942,Pooja Rao,Bengaluru,45,Male,2025-04-06,0,Tier 1
CUST01943,Rahul Kumar,Kolkata,18,Female,2023-10-24,0,Tier 1
CUST01944,Kavya Chatterjee,Chennai,35,Male,2023-04-22,1,Tier 1
CUST01945,Priya Das,Kolkata,50,Female,2023-08-18,0,Tier 1
CUST01946,Sanjay Rao,Pune,29,Female,2023-04-06,0,Tier 1
CUST01947,Aditya Gupta,Bengaluru,25,Male,2024-11-10,0,Tier 1
CUST01948,Arjun Gupta,Mumbai,41,Male,2024-01-13,0,Tier 1
CUST01949,Riya Desai,Bengaluru,33,Male,2023-06-05,0,Tier 1
CUST01950,Diya Chatterjee,Bengaluru,21,Male,2024-02-25,1,Tier 1
CUST01951,Ananya Kumar,Mumbai,44,Male,2023-04-15,0,Tier 1
CUST01952,Krishna Nair,Delhi,26,Male,2024-12-05,1,Tier 1
CUST01953,Rahul Patel,Hyderabad,33,Male,2023-11-26,0,Tier 1
CUST01954,Krishna Agarwal,Chennai,29,Female,2024-03-14,0,Tier 1
CUST01955,Priya Pillai,Lucknow,48,Male,2023-05-12,0,Tier 2
CUST01956,Pooja Pillai,Jaipur,41,Male,2025-05-16,0,Tier 2
CUST01957,Rohan Sharma,Hyderabad,31,Female,2024-01-17,0,Tier 1
CUST01958,Sanjay Iyer,Bengaluru,42,Male,2023-05-18,1,Tier 1
CUST01959,Reyansh Malhotra,Hyderabad,51,Male,2025-04-22,0,Tier 1
CUST01960,Priya Malhotra,Kolkata,20,Male,2023-09-27,0,Tier 1
CUST01961,Reyansh Desai,Mumbai,41,Female,2024-07-03,0,Tier 1
CUST01962,Rohan Verma,Bengaluru,26,Female,2024-01-31,0,Tier 1
CUST01963,Neha Reddy,Ahmedabad,43,Male,2024-07-10,1,Tier 2
CUST01964,Myra Desai,Bengaluru,37,Female,2024-04-08,1,Tier 1
CUST01965,Vihaan Reddy,Hyderabad,27,Female,2024-11-05,0,Tier 1
CUST01966,Myra Pillai,Hyderabad,36,Female,2024-03-25,0,Tier 1
CUST01967,Aditya Malhotra,Delhi,20,Female,2023-11-27,1,Tier 1
CUST01968,Meera Sharma,Bengaluru,41,Female,2023-09-10,0,Tier 1
CUST01969,Diya Mehta,Bengaluru,22,Male,2024-11-11,0,Tier 1
CUST01970,Arjun Desai,Mumbai,20,Male,2023-10-12,1,Tier 1
CUST01971,Sanjay Bansal,Mumbai,44,Male,2023-10-01,0,Tier 1
CUST01972,Aadhya Joshi,Ahmedabad,33,Female,2023-01-20,0,Tier 2
CUST01973,Navya Singh,Delhi,32,Female,2023-08-27,0,Tier 1
CUST01974,Karan Kapoor,Pune,52,Female,2023-09-27,0,Tier 1
CUST01975,Karan Patel,Delhi,29,Other,2024-02-22,0,Tier 1
CUST01976,Aarav Bansal,Lucknow,43,Male,2023-11-06,0,Tier 2
CUST01977,Aditya Sharma,Delhi,51,Female,2023-01-31,1,Tier 1
CUST01978,Ishaan Rao,Bengaluru,40,Female,2025-04-05,1,Tier 1
CUST01979,Vivaan Verma,Ahmedabad,48,Female,2023-04-14,0,Tier 2
CUST01980,Neha Desai,Ahmedabad,37,Other,2024-11-12,0,Tier 2
CUST01981,Anika Iyer,Delhi,29,Female,2023-07-05,1,Tier 1
CUST01982,Rahul Malhotra,Kolkata,40,Male,2023-05-08,0,Tier 1
CUST01983,Karan Chatterjee,Pune,21,Female,2023-07-29,1,Tier 1
CUST01984,Aadhya Desai,Pune,40,Male,2024-02-18,0,Tier 1
CUST01985,Aditya Agarwal,Mumbai,18,Female,2023-10-08,0,Tier 1
CUST01986,Navya Pillai,Mumbai,42,Female,2023-09-10,0,Tier 1
CUST01987,Arjun Nair,Chennai,19,Male,2023-01-19,0,Tier 1
CUST01988,Aditya Iyer,Pune,47,Female,2024-12-12,1,Tier 1
CUST01989,Aditya Malhotra,Bengaluru,20,Male,2025-01-01,0,Tier 1
CUST01990,Kavya Rao,Chennai,38,Male,2023-05-16,0,Tier 1
CUST01991,Neha Kumar,Kolkata,42,Male,2023-08-11,0,Tier 1
CUST01992,Navya Mehta,Mumbai,37,Female,2023-01-03,1,Tier 1
CUST01993,Saanvi Bansal,Hyderabad,39,Female,2023-08-24,0,Tier 1
CUST01994,Rahul Patel,Mumbai,38,Female,2025-05-03,1,Tier 1
CUST01995,Rohan Chatterjee,Kolkata,50,Male,2024-04-09,0,Tier 1
CUST01996,Pooja Reddy,Chennai,32,Female,2023-08-16,0,Tier 1
CUST01997,Vivaan Reddy,Lucknow,32,Female,2024-10-15,0,Tier 2
CUST01998,Aditya Chatterjee,Mumbai,42,Male,2024-05-13,0,Tier 1
CUST01999,Vihaan Das,Mumbai,38,Male,2024-06-04,1,Tier 1
CUST02000,Priya Pillai,Delhi,41,Male,2024-12-02,1,Tier 1
